Name-CN,Name-EN,图标分类-CN,图标分类-EN,图标标签,UI 设计负责人,预计完成时间
首页,home,常用图标,Base,首页 ，房子， 主页 ,常留留,2019-03-19
邮件,mail,常用图标,Base,信封，消息，邮件，文件,常留留,2019-05-28
视频,video,常用图标,Base,电影，放映，播放，胶片,常留留,2019-05-28
评论,comment,常用图标,Base,对话，评论，聊天，消息，通知,刘心乐,2019-03-29
评论,comment-one,常用图标,Base,对话，评论，聊天，消息，通知,刘心乐,2019-03-29
消息,message-one,常用图标,Base,信息，聊天，通知，社交，沟通,常留留,2019-11-22
未读消息,message-unread,常用图标,Base,信息，聊天，通知，社交，沟通，新消息，评论,常留留,2019-11-22
沟通,communication,常用图标,Base,信息，聊天，通知，社交，沟通，新消息，合作洽谈，评论,常留留,2019-11-22
评论,comments,常用图标,Base,信息，聊天，通知，社交，沟通，新消息，合作洽谈，评论区,常留留,2019-11-22
实验,experiment,常用图标,Base,测试，化验，测验，蒸馏瓶,常留留,2019-11-22
实验,experiment-one,常用图标,Base,测试，化验，测验，蒸馏瓶,常留留,2019-11-22
相机,camera,常用图标,Base,拍照，相机，照片，图像,常留留,2019-03-21
删除,delete,常用图标,Base,删除，垃圾桶，勒色桶,齐 奉飞,2019-03-19
删除,delete-one,常用图标,Base,删除，垃圾桶，勒色桶,常留留,2019-11-22
删除,delete-two,常用图标,Base,删除，清除，消除,金 磊,2019-11-22
成功,success,常用图标,Base,完成，成功，勋章，胜利，获胜,金 磊,2019-11-22
记事本,notepad,常用图标,Base,记录，账单，条例,金 磊,2019-11-22
详情列表,view-list,常用图标,Base,list，列表，表格列表,刘心乐,2019-05-29
笔记,notes,常用图标,Base,文件，纸张，文字,刘心乐,2019-03-21
笔记本,notebook-one,常用图标,Base,文档，通讯录，文件，笔记本,刘心乐,2019-03-21
书签,bookmark,常用图标,Base,书签，标签，记录，打标记,齐 奉飞,2019-05-30
标签,tag,常用图标,Base,标记，便签，标签，不关注,刘心乐,2019-03-22
订阅,rss,常用图标,Base,订阅，信息流，关注,齐 奉飞,2019-05-27
喜欢,like,常用图标,Base,关注，收藏，爱，爱心,齐 奉飞,2019-05-28
不喜欢,unlike,常用图标,Base,取消关注，取消收藏，爱，爱心,齐 奉飞,2019-05-30
命令键,command,常用图标,Base,命令建，符号，键盘，按键,常留留,2019-05-31
盒子,box,常用图标,Base,箱子，盒子，纸盒，容器,齐 奉飞,2019-05-27
面条,bowl,常用图标,Base,食物，碗，吃的，美食,齐 奉飞,2019-05-28
银行卡,bank-card,常用图标,Base,银行卡，卡片，证件,刘心乐,2019-05-28
复制链接,copy-link,常用图标,Base,链接，复制链接，地址,常留留,2019-05-27
复制,copy,常用图标,Base,复制，拷贝，克隆,常留留,2019-03-19
终端,terminal,常用图标,Base,技术，终端，命令行，代码框,常留留,2019-05-29
保存,save,常用图标,Base,保存，存储，暂存，草稿,常留留,2019-05-27
磁带,tape,常用图标,Base,磁带，音乐，复古，收音机、,齐 奉飞,2019-05-29
信息,message,常用图标,Base,聊天，消息，社交，通讯，沟通,金 磊,2019-10-12
信息已发送,message-sent,常用图标,Base,发送信息，消息，完成,金 磊,2019-10-12
浏览器,browser,常用图标,Base,窗口，浏览器,常留留,2019-05-31
剪切板,clipboard,常用图标,Base,板，画板，黏贴板，公告板,常留留,2019-05-30
录音,voice,常用图标,Base,音量，语音，录音，麦克风,常留留,2019-05-28
关闭录音,voice-off,常用图标,Base,关闭音量，关闭语音，关闭录音，关闭麦克风，close,常留留,2020-01-17
解锁,unlock,常用图标,Base,解锁，开锁，锁定，打开,刘心乐,2019-03-22
锁定,lock,常用图标,Base,锁定，锁死，关闭,刘心乐,2019-03-22
文件夹-开,folder-open,常用图标,Base,文件夹，办公,齐 奉飞,2019-03-19
文件夹-关,folder-close,常用图标,Base,文件夹，关闭文件夹,齐 奉飞,2019-03-19
文件夹-下载,folder-download,常用图标,Base,文件夹，下载，下载文件,常留留,2019-05-27
文件夹-添加,folder-plus,常用图标,Base,文件夹，添加，办公,齐 奉飞,2019-03-19
文件夹-删除,folder-minus,常用图标,Base,文件夹，删除，办公,齐 奉飞,2019-03-19
卡片查看模式,view-grid-card,常用图标,Base,列表，列表模式，宫格模式，卡片，网格视图,常留留,2019-05-28
列表查看模式,view-grid-list,常用图标,Base,详情卡片，详情模式，列表模式，列表,常留留,2019-05-28
详情查看模式,view-grid-detail,常用图标,Base,详细，列表，列表模式,刘心乐,2019-05-28
笔记本,notebook,常用图标,Base,文档，通讯录,刘心乐,2019-03-21
摄像,monitor,常用图标,Base,拍摄，录像，摄像机，影像，电影,刘心乐,2019-03-21
关闭摄像,monitor-off,常用图标,Base,拍摄，录像，摄像机，影像，电影，关闭,常留留,2020-01-17
照片,pic,常用图标,Base,图片，画面，图形,常留留,2019-03-21
理财,financing,常用图标,Base,货币兑换，钱币，金属钱币，财产，铜钱,齐 奉飞,2019-05-30
金融,finance,常用图标,Base,钱，钱包，财产，金融，金钱,齐 奉飞,2019-05-30
电影,movie,常用图标,Base,视频，胶片，电影，电视,常留留,2019-03-21
禁止,forbid,常用图标,Base,禁止，不允许,齐 奉飞,2019-03-19
播放,play,常用图标,Base,视频，播放，播放器，媒体,齐 奉飞,2019-03-19
暂停,pause-one,常用图标,Base,停止播放，暂停,常留留,2019-03-19
减少,reduce,常用图标,Base,未全选，复选框-未全选,常留留,2019-03-19
添加,add,常用图标,Base,新建，增加，创建,常留留,2019-03-19
添加,add-one,常用图标,Base,新建，增加，创建,常留留,2019-03-19
设置,setting,常用图标,Base,齿轮，设置，配置,刘心乐,2019-03-22
设置,setting-two,常用图标,Base,齿轮，设置，螺丝，螺母，配置,常留留,2019-10-12
设置,setting-one,常用图标,Base,齿轮，设置，螺丝，螺母,刘心乐,2019-03-22
设置,setting-three,常用图标,Base,太阳能，阳光，设置，配置,金 磊,2019-10-12
配置,config,常用图标,Base,配置，设置，配置,齐 奉飞,2019-07-11
闹钟,alarm-clock,常用图标,Base,倒计时 ，闹钟，时间,常留留,2019-03-26
秒表,stopwatch,常用图标,Base,倒计时 ，时间，描边,常留留,2019-03-26
帮助,help,常用图标,Base,问题，疑问，帮助,刘心乐,2019-03-22
注意,attention,常用图标,Base,提示，注意，警示,刘心乐,2019-03-22
信息,info,常用图标,Base,注解，信息，提示,刘心乐,2019-03-22
时间,time,常用图标,Base,钟表，时间，倒计时,齐 奉飞,2019-03-26
关闭,close-one,常用图标,Base,删除，清除，错误,刘心乐,2019-03-22
校验,check-one,常用图标,Base,勾选，选中，对号，完成,刘心乐,2019-03-22
减少,reduce-one,常用图标,Base,未全选，减号，不允许，禁止,常留留,2019-03-19
雷达,radar,常用图标,Base,雷达，瞄准，聚焦,齐 奉飞,2019-05-29
历史记录,history,常用图标,Base,历史，记录，时光机,常留留,2019-03-26
加载,loading-three,常用图标,Base,等待，加载，转圈，缓冲,金 磊,2019-10-12
瞄准,aiming,常用图标,Base,瞄准，聚焦，关注，锁定,常留留,2019-05-30
刷新,refresh,常用图标,Base,刷新，旋转，切换,齐 奉飞,2019-03-21
重新,redo,常用图标,Base,重做，再做,刘心乐,2019-03-21
撤销,undo,常用图标,Base,撤销，返回，驳回，,刘心乐,2019-03-21
手电筒,flashlight,常用图标,Base,手电，光芒，点灯,齐 奉飞,2019-05-28
书签,bookmark-one,常用图标,Base,书签，多书签,齐 奉飞,2019-05-30
标签,tag-one,常用图标,Base,便签，note，折扣，标记,刘心乐,2019-03-22
已定位,local,常用图标,Base,位置，坐标，地点,齐 奉飞,2019-05-28
导航,navigation,常用图标,Base,指针，方向，指引，指针，导航,常留留,2019-05-29
预览-打开,preview-open,常用图标,Base,可见，眼睛，打开,齐 奉飞,2019-03-26
预览-关闭,preview-close,常用图标,Base,隐藏，不可见，眼睛，关闭,齐 奉飞,2019-03-26
预览-关闭,preview-close-one,常用图标,Base,隐藏，不可见，眼睛，关闭,常留留,2020-01-17
标记,mark,常用图标,Base,旗帜，旗子，记号，活动,齐 奉飞,2019-03-26
钱包,wallet,常用图标,Base,钱， 钱包 ，资金， 金融 ，充值,刘心乐,2019-03-21
消费,consume,常用图标,Base,总消耗，花钱，花费，钱,常留留,2019-05-30
清除,clear,常用图标,Base,删除，清除，擦除，扫把，清理,刘心乐,2019-03-22
搜索,search,常用图标,Base,搜索，查找，放大镜,齐 奉飞,2019-03-21
缩小,zoom-out,常用图标,Base,搜索，查找，缩小,齐 奉飞,2019-03-21
放大,zoom-in,常用图标,Base,搜索，查找，放大,齐 奉飞,2019-03-21
提示,tips-one,常用图标,Base,信息提示，提示，警示，报错，提示信息，message,常留留,2019-11-22
报错,caution,常用图标,Base,错误，警示，提示，报警,常留留,2019-11-22
提醒,remind,常用图标,Base,提示，消息，警示，警钟，铃铛,常留留,2019-03-19
关闭提醒,close-remind,常用图标,Base,提示，消息，警示，警钟，铃铛，关闭，禁止提醒,常留留,2020-01-16
声音-大,column-notice,常用图标,Base,音量，声音，喇叭，小声，广播,常留留,2019-03-19
声音-小,column-small,常用图标,Base,音量，声音，喇叭，小声，广播,常留留,2019-03-19
静音,column-mute,常用图标,Base,音量关闭，静音，声音，音量，喇叭，广播,常留留,2019-03-19
购物车,shopping-cart,常用图标,Base,购物，买东西，购物卡，消费,齐 奉飞,2019-05-27
添加购物车,shopping-cart-add,常用图标,Base,购物车，添加，买东西，购物,齐 奉飞,2019-05-27
删除购物车,shopping-cart-del,常用图标,Base,购物车，退货，删除，移除,齐 奉飞,2019-05-27
汉堡图标,hamburger-button,常用图标,Base,导航，菜单，更多,齐 奉飞,2019-03-21
耳机,headset,常用图标,Base,耳麦，客服，耳机,齐 奉飞,2019-05-29
耳机,headset-one,常用图标,Base,客服，二级，耳麦，服务,齐 奉飞,2019-05-29
AirPlay,airplay,常用图标,Base,屏幕映像，无线投屏,常留留,2019-05-30
加载,loading,常用图标,Base,等待，加载，转圈,常留留,2019-03-21
分享,share,常用图标,Base,分享，转发，跳转，新窗口打开，窗口，浏览器，打开,刘心乐,2019-03-21
裁切,cutting,常用图标,Base,裁剪，剪切，编辑,齐 奉飞,2019-03-19
风车,windmill,常用图标,Base,风车，纸风车，旋转，快速,齐 奉飞,2019-05-29
无线网络,wifi,常用图标,Base,Wi-Fi，无线网，网络，信号,齐 奉飞,2019-05-27
关闭无线网络,close-wifi,常用图标,Base,Wi-Fi，无线网，网络，信号，关闭,常留留,2020-01-17
广播,broadcast,常用图标,Base,投射，发射，辐射，分享,常留留,2019-05-30
语音信息,voicemail,常用图标,Base,录音，磁带，语音，语音短信,常留留,2019-05-30
蓝牙,bluetooth,常用图标,Base,蓝牙，设备，无线连接,齐 奉飞,2019-05-27
关闭蓝牙,turn-off-bluetooth,常用图标,Base,蓝牙，设备，无线连接，关闭,常留留,2019-11-22
礼物,gift,常用图标,Base,礼盒，礼品，惊喜,齐 奉飞,2019-05-29
锚点,anchor-one,常用图标,Base,曲线，贝塞尔，可编辑，锚点,齐 奉飞,2019-05-30
锚点,anchor,常用图标,Base,选中，锚点，可编辑，操作,齐 奉飞,2019-05-30
音乐,music,常用图标,Base,音乐，乐符，歌曲，歌声，播放,常留留,2019-03-21
播放,play-one,常用图标,Base,视频，播放，播放器，媒体,齐 奉飞,2019-03-19
暂停,pause,常用图标,Base,停止播放，暂停,常留留,2019-03-19
切换,switch,常用图标,Base,切换，箭头，左右箭头,齐 奉飞,2019-03-21
关闭,close,常用图标,Base,删除，清除，错误,刘心乐,2019-03-22
关闭-小,close-small,常用图标,Base,删除，清除，错误,刘心乐,2019-03-22
校验-小,check-small,常用图标,Base,勾选，对勾，正确，成功,刘心乐,2019-03-22
校验,check,常用图标,Base,勾选，对勾，正确，成功，完成,刘心乐,2019-03-22
加,plus,常用图标,Base,新建， 增加 ，创建,常留留,2019-03-19
减,minus,常用图标,Base,减号，去除，减少，减去,常留留,2019-03-19
裁切,cutting-one,常用图标,Base,裁剪，剪切，编辑，剪刀,齐 奉飞,2019-03-19
链接,link,常用图标,Base,回形针，附件，文件,刘心乐,2019-03-28
理财,financing-one,常用图标,Base,货币兑换，财富，钱袋子,齐 奉飞,2019-05-30
音乐,music-one,常用图标,Base,音乐，乐符，歌曲，歌声，播放,常留留,2019-03-21
筛选,filter,常用图标,Base,漏斗，筛选，过滤,刘心乐,2019-03-22
提示,tips,常用图标,Base,灯泡，创意，灯光，灵感,齐 奉飞,2019-03-26
点击,click-tap,常用图标,Base,点击率，点击效果，按键，触发,齐 奉飞,2019-08-07
链接,link-one,常用图标,Base,链接，链条，锁链,常留留,2019-05-27
链接断开,unlink,常用图标,Base,链接，链条，锁链，无效链接,刘心乐,2019-05-27
分享,share-one,常用图标,Base,分享，转发，共享,刘心乐,2019-03-21
电池充电,battery-charge,常用图标,Base,电池，充电,齐 奉飞,2019-05-28
电池满电,battery-full,常用图标,Base,电池，满电,齐 奉飞,2019-05-28
电池运行,battery-working,常用图标,Base,电池，电池电量，能量,齐 奉飞,2019-05-28
电池没电,battery-empty,常用图标,Base,电池，电量空,齐 奉飞,2019-05-28
语音信息,voice-message,常用图标,Base,语音，信息，声音，识别,齐 奉飞,2019-07-11
投射屏幕,cast-screen,常用图标,Base,投射，投屏，无线投屏,常留留,2019-05-30
列表,list,常用图标,Base,目录，清单，完成目录，任务清单,金 磊,2019-10-12
奖杯,trophy,常用图标,Base,奖杯，冠军，比赛，赢了，奖励,白明泽,2019-07-11
已读邮件,mail-open,常用图标,Base,"已读邮件，邮箱，邮件，信息,邮箱，打开，收件",白明泽,2019-07-11
购物车,shopping,常用图标,Base,购物车，买东西，消费,刘心乐,2019-03-27
赞,thumbs-up,常用图标,Base,好评，点赞，优秀,刘心乐,2019-03-27
踩,thumbs-down,常用图标,Base,差评，不赞，错误,刘心乐,2019-03-27
男性,male,常用图标,Base,男，性别，符号,刘心乐,2019-03-27
女性,female,常用图标,Base, 女，性别，符号,刘心乐,2019-03-27
扫码,scan-code,常用图标,Base,扫一扫，登录，扫码，二维码,白明泽,2019-03-27
设置配置,setting-config,常用图标,Base,调节，调整，音量调节，设置调节,常留留,2019-03-27
应用,application,常用图标,Base,商店，店铺，门店，上铺,白明泽,2019-03-29
全部,all-application,常用图标,Base,管理，四块，更多，应用，导航，四宫格，矩阵，米亚格，全部应用,白明泽,2019-03-29
邮件符号,at-sign,常用图标,Base,邮件，圈人，提醒用户，相关人,金 磊,2019-07-23
地图,map-draw,常用图标,Base,地图，位置，地理，方位，方向，交通，定位,金 磊,2019-07-23
本地,local-two,常用图标,Base,本地，地表，地点，地图，出行，交通，运输,金 磊,2019-08-16
本地,local-pin,常用图标,Base,本地，游戏，摇杆，图钉，出行，交通,金 磊,2019-08-16
星球,planet,常用图标,Base,星球，地球，环绕，卫星，宇宙，浏览器,金 磊,2019-08-07
展开,expand-right,常用图标,Base,展开，浮层，抽屉，示例,金 磊,2019-08-07
展开,expand-left,常用图标,Base,展开，浮层，抽屉，示例,金 磊,2019-08-07
展开,expand-up,常用图标,Base,展开，浮层，抽屉，示例,金 磊,2019-08-07
展开,expand-down,常用图标,Base,展开，浮层，抽屉，示例,金 磊,2019-08-07
风车,windmill-two,常用图标,Base,风车，转动，旋转，风景，发电，动力,金 磊,2019-08-16
首页,home-two,常用图标,Base,首页，家，主页，店铺,金 磊,2019-08-16
线索,clue,常用图标,Base,线索池，连接，相连,齐 奉飞,2019-03-28
两点连接,connection-point-two,常用图标,Base,两点连接，链接,金 磊,2019-08-16
连接箭头,connection-arrow,常用图标,Base,连接，箭头，相连，流程,常留留,2019-07-11
调色盘,platte,常用图标,Base,调色盘，美术，绘画，颜色，主题,金 磊,2019-08-16
光盘,record-disc,常用图标,Base,光盘，音乐，磁盘，播放，复古,金 磊,2019-08-16
地球仪,earth,常用图标,Base,网路，语言，全球，互联网,白明泽,2019-03-27
举报,report,常用图标,Base,举报，检举，告发，报告,白明泽,2019-07-11
保护,protect,常用图标,Base,安全，防卫，防护，盾牌，安全通过,白明泽,2019-03-27
危害,harm,常用图标,Base,危险，防护，盾牌,白明泽,2019-03-27
安全,shield,常用图标,Base,安全，保护，护盾，防护,齐 奉飞,2019-07-11
安全增加,shield-add,常用图标,Base,安全，保护，防护,齐 奉飞,2019-07-11
程序问题,bug,常用图标,Base,八哥，问题，损坏，事故，BUG，问题，程序问题，报错,齐 奉飞,2019-07-11
收件箱成功,inbox-success-r,常用图标,Base,收件箱，成功,金 磊,2019-08-16
收件箱上传,inbox-upload-r,常用图标,Base,收件箱，，上载，上传,金 磊,2019-08-16
收件箱下载,inbox-download-r,常用图标,Base,收件箱，下载，下传,金 磊,2019-08-16
收件箱,inbox-r,常用图标,Base,收件箱，文件,金 磊,2019-08-16
收件成功,inbox-success,常用图标,Base,收件箱，收件，成功，完成，邮件，信件,白明泽,2019-08-07
收件箱,inbox,常用图标,Base,收件箱，信箱，邮箱，邮件，信件,白明泽,2019-08-07
收件下载,inbox-in,常用图标,Base,收件箱，信箱，邮箱，邮件，信件，下载,白明泽,2019-08-07
收件上载,inbox-out,常用图标,Base,收件箱，信箱，邮箱，邮件，信件，上传，上载,白明泽,2019-08-07
雨伞,umbrella,常用图标,Base,雨伞，保护，下雨，庇护，防护，安全，天气，护盾,常留留,2019-08-07
雨伞,umbrella-one,常用图标,Base,雨伞，保护，下雨，庇护，防护，安全，天气，护盾,常留留,2019-08-07
降落伞,parachute,常用图标,Base,降落伞，跳伞，运动，体育，危险,白明泽,2019-07-11
优惠券,coupon,常用图标,Base,优惠，卡券，促销，电商，钱,常留留,2019-07-11
文档架子,document-folder,常用图标,Base,文档，书架，办公,白明泽,2019-07-11
瀑布流纵向,waterfalls-v,常用图标,Base,瀑布，排版，界面，顺序,白明泽,2019-07-11
瀑布流横向,waterfalls-h,常用图标,Base,瀑布，流程，布局，界面,白明泽,2019-07-11
我的,me,常用图标,Base,个人中心，用户，人，头像，圆形头像,刘心乐,2019-03-27
系统,system,常用图标,Base,系统，更多，四块,齐 奉飞,2019-03-28
日志,log,常用图标,Base,日志，笔记本，记录，文档,刘心乐,2019-03-28
订单,order,常用图标,Base,抢单，文档，发票，记录，计分牌,白明泽,2019-03-29
书籍,book-one,常用图标,Base,书本，笔记，文件,常留留,2019-03-27
书籍-打开,book-open,常用图标,Base,书本，笔记，文件，打开书本,常留留,2019-03-27
警报,alarm,常用图标,Base,警灯，警报，灯，警示，灵感,刘心乐,2019-03-27
游戏机,game-ps,常用图标,Base,游戏机，索尼，游戏,金 磊,2019-08-16
加号,plus-cross,常用图标,Base,加号，符号，加法，红十字，医疗，医院,金 磊,2019-08-16
错误,error,常用图标,Base,错误，不正确，关闭,金 磊,2019-08-16
正确的,correct,常用图标,Base,正确的，对勾，成功,金 磊,2019-08-16
指纹,fingerprint,常用图标,Base,指纹，安全，解锁，认证，验证,金 磊,2019-08-16
投影仪,projector,常用图标,Base,投影仪，投影，播放，幻灯片，演讲,金 磊,2019-07-23
幻灯片,slide,常用图标,Base,数据看版，销售提报，文稿演示,常留留,2019-03-28
幻灯片,ppt,常用图标,Base,幻灯片，播放，延时，投影,金 磊,2019-08-16
幻灯片,slide-two,常用图标,Base,幻灯片，播放，PPT，投影,金 磊,2019-08-16
日历,calendar-thirty,常用图标,Base,日历，日期，时间，期限，长期,金 磊,2019-08-16
日历,calendar-thirty-two,常用图标,Base,日历，日期，时间，期限，长期,金 磊,2019-08-16
日历,calendar-dot,常用图标,Base,日历，日期，时间，期限，长期,金 磊,2019-08-16
链接,connect,常用图标,Base,链接，分享，连接，拓扑图，图表,金 磊,2019-08-16
购物袋,mall-bag,常用图标,Base,袋子，购物袋，逛街,刘心乐,2019-03-27
地图距离,map-distance,常用图标,Base,地图，距离，出行，交通，方向,白明泽,2019-08-07
井号,pound,常用图标,Base,井号，符号，字符，话题,齐 奉飞,2019-07-11
辐射,radiation,常用图标,Base,辐射，有害，毒害，危险，警示,白明泽,2019-07-11
截屏,screenshot,常用图标,Base,截屏，录频，裁剪，截图,白明泽,2019-08-07
截屏,screenshot-two,常用图标,Base,截屏，录屏，界面，剪刀,金 磊,2019-08-16
心电图,electrocardiogram,常用图标,Base,报警，监控，监视,白明泽,2019-08-07
计时器,stopwatch-start,常用图标,Base,计时器，倒计时，时间,白明泽,2019-07-11
拼图,puzzle,常用图标,Base,拼图，版图，拼接，组合,齐 奉飞,2019-07-11
火箭,rocket,常用图标,Base,火箭，发射，上升，速度,白明泽,2019-07-11
城市,city,常用图标,Base,城市，建筑，楼房,齐 奉飞,2019-03-28
页面,page,常用图标,Base,网页，布局，排版，模块,刘心乐,2019-03-28
方向标识,road-sign-both,常用图标,Base,方向标识，方向，指示牌，多方向,金 磊,2019-07-23
切换按钮,switch-button,常用图标,Base,切换按钮，开关，切换，组合,金 磊,2019-08-07
篮球服,basketball-clothes,常用图标,Base,篮球服，运动，篮球，球衣，衣服，号码,金 磊,2019-08-16
无效提醒,remind-disable,常用图标,Base,闹钟，提醒，无效，时间，超时,金 磊,2020-02-11
音量减小,volume-down,常用图标,Base,音乐，音量，声音，降低，无声，音乐,金 磊,2020-02-11
音量增大,volume-up,常用图标,Base,音乐，音量，声音，增大，最大音量，音乐,金 磊,2020-02-11
箭头左,arrow-left,箭头方向,Arrows,箭头，左,齐 奉飞,2019-03-22
箭头右,arrow-right,箭头方向,Arrows,右，箭头,齐 奉飞,2019-03-22
箭头上,arrow-up,箭头方向,Arrows,箭头，上,齐 奉飞,2019-03-22
箭头下,arrow-down,箭头方向,Arrows,下，箭头,齐 奉飞,2019-03-22
右-小,right-small,箭头方向,Arrows,箭头，右,齐 奉飞,2019-03-22
上-小,up-small,箭头方向,Arrows,箭头，上，小箭头,齐 奉飞,2019-03-22
左-小,left-small,箭头方向,Arrows,左，箭头,齐 奉飞,2019-03-22
下-小,down-small,箭头方向,Arrows,下，箭头,齐 奉飞,2019-03-22
箭头右上,arrow-right-up,箭头方向,Arrows,右上，箭头,齐 奉飞,2019-03-22
箭头右下,arrow-right-down,箭头方向,Arrows,右下，箭头,齐 奉飞,2019-03-22
箭头左上,arrow-left-up,箭头方向,Arrows,左上，箭头,齐 奉飞,2019-03-22
箭头左下,arrow-left-down,箭头方向,Arrows,左下，箭头,齐 奉飞,2019-03-22
左上-小,left-small-up,箭头方向,Arrows,左上-小,齐 奉飞,2019-03-22
左下-小,left-small-down,箭头方向,Arrows,左下-小,齐 奉飞,2019-03-22
右上-小,right-small-up,箭头方向,Arrows,右上-小,齐 奉飞,2019-03-22
右下-小,right-small-down,箭头方向,Arrows,右下-小,齐 奉飞,2019-03-22
去右侧,to-right,箭头方向,Arrows,箭头，右,齐 奉飞,2019-05-31
去左侧,to-left,箭头方向,Arrows,箭头，左,齐 奉飞,2019-05-31
去顶部,to-top,箭头方向,Arrows,上，顶部,齐 奉飞,2019-05-31
去底部,to-bottom,箭头方向,Arrows,下，底部,齐 奉飞,2019-05-31
右,right,箭头方向,Arrows,下一个，向右,齐 奉飞,2019-03-22
左,left,箭头方向,Arrows,返回，向左,齐 奉飞,2019-03-22
下,down,箭头方向,Arrows,向下，箭头,齐 奉飞,2019-03-22
上,up,箭头方向,Arrows,向上，箭头,齐 奉飞,2019-03-22
下载,download,箭头方向,Arrows,下载，向下，箭头,齐 奉飞,2019-03-26
退出,logout,箭头方向,Arrows,退出，向右,刘心乐,2019-03-22
上传,upload,箭头方向,Arrows,向上，上传,刘心乐,2019-03-26
进入,login,箭头方向,Arrows,进入，向左,刘心乐,2019-03-22
双左,double-left,箭头方向,Arrows,倒回，倒带，快退，双箭头,齐 奉飞,2019-03-22
双右,double-right,箭头方向,Arrows,快进，右，双箭头,齐 奉飞,2019-03-22
双上,double-up,箭头方向,Arrows,双上，上，双箭头,齐 奉飞,2019-03-22
双下,double-down,箭头方向,Arrows,双下，双箭头,齐 奉飞,2019-03-22
上1,up-one,箭头方向,Arrows,上1,齐 奉飞,2019-03-22
下1,down-one,箭头方向,Arrows,下1,齐 奉飞,2019-03-22
左1,left-one,箭头方向,Arrows,左1,齐 奉飞,2019-03-22
右1,right-one,箭头方向,Arrows,右1,齐 奉飞,2019-03-22
全局放大,full-screen,箭头方向,Arrows,全屏，放大,刘心乐,2019-03-26
全局缩小,off-screen,箭头方向,Arrows,退出全屏，收起，缩进,刘心乐,2019-03-26
全局放大1,full-screen-one,箭头方向,Arrows,全屏，打开，展开，放大,刘心乐,2019-03-26
全局缩小1,off-screen-one,箭头方向,Arrows,缩小，收起，缩小,刘心乐,2019-03-26
展开菜单,menu-unfold,箭头方向,Arrows,展开，右侧展开,刘心乐,2019-03-26
收起菜单,menu-fold,箭头方向,Arrows,收起，左侧收起,刘心乐,2019-03-26
展开菜单1,menu-unfold-one,箭头方向,Arrows,收起，侧边收起,刘心乐,2019-03-26
收起菜单1,menu-fold-one,箭头方向,Arrows,展开，侧边展开,刘心乐,2019-03-26
下载1,download-one,箭头方向,Arrows,下载，云下载,常留留,2019-03-26
下载2,download-two,箭头方向,Arrows,下载，云下载,刘心乐,2019-03-26
上传1,upload-one,箭头方向,Arrows,上载，上传，云上载,常留留,2019-03-26
上传2,upload-two,箭头方向,Arrows,上载，上传，云上传,刘心乐,2019-03-26
发送,send,箭头方向,Arrows,飞机，发送，飞书,齐 奉飞,2019-03-26
驳回,reject,箭头方向,Arrows,拒绝，驳回，拒绝，不通过，有问题,常留留,2019-08-07
排序1,sort-one,箭头方向,Arrows,顺序，排序,刘心乐,2019-03-26
排序2,sort-two,箭头方向,Arrows,排序,刘心乐,2019-03-26
排序3,sort-three,箭头方向,Arrows,排序，上下,刘心乐,2019-03-26
排序,sort-four,箭头方向,Arrows,序列，排列，调整顺序，顺序，箭头,常留留,2019-11-22
上-箭头,arrow-circle-up,箭头方向,Arrows,向上，箭头，圆圈箭头,齐 奉飞,2019-03-22
下-箭头,arrow-circle-down,箭头方向,Arrows,向下，箭头，圆圈箭头,齐 奉飞,2019-03-22
左-箭头,arrow-circle-left,箭头方向,Arrows,上一个，箭头，圆圈箭头,齐 奉飞,2019-03-22
右-箭头,arrow-circle-right,箭头方向,Arrows,下一个，箭头，圆圈箭头,齐 奉飞,2019-03-22
上-圆,up-c,箭头方向,Arrows,向上，箭头，圆圈箭头,齐 奉飞,2019-03-22
右-圆,right-c,箭头方向,Arrows,下一个，箭头，右，圆圈箭头,齐 奉飞,2019-03-22
左-圆,left-c,箭头方向,Arrows,上一个，箭头，左，圆圈箭头,齐 奉飞,2019-03-22
下-圆,down-c,箭头方向,Arrows,向下，箭头，圆圈箭头,齐 奉飞,2019-03-22
下载3,download-three,箭头方向,Arrows,下，下载,常留留,2019-03-26
上传3,upload-three,箭头方向,Arrows,上，上载,常留留,2019-03-26
安装,install,箭头方向,Arrows,下，箱子，盒子，下载,常留留,2019-03-26
循环播放,play-cycle,箭头方向,Arrows,刷新，循环，播放,齐 奉飞,2019-05-30
循环一次,loop-once,箭头方向,Arrows,循环，单次循环，播放,齐 奉飞,2019-05-30
播放一次,play-once,箭头方向,Arrows,箭头，左，播放，循环，单次循环,齐 奉飞,2019-05-30
返回,return,箭头方向,Arrows,重做，返回，箭头,刘心乐,2019-03-26
上一曲,go-start,箭头方向,Arrows,上一个，上一首，上，箭头,齐 奉飞,2019-05-31
下一曲,go-end,箭头方向,Arrows,下一个，下一首，上，箭头,齐 奉飞,2019-05-31
去底部1,to-bottom-one,箭头方向,Arrows,箭头，下，底部,齐 奉飞,2019-05-31
去顶部1,to-top-one,箭头方向,Arrows,箭头，上，顶部,齐 奉飞,2019-05-31
旋转,rotate,箭头方向,Arrows,旋转，翻转，90 度旋转，flip,齐 奉飞,2019-05-31
全局放大,full-screen-two,箭头方向,Arrows,放大，全屏,金 磊,2019-10-12
全局缩小,off-screen-two,箭头方向,Arrows,缩小，小屏,常留留,2019-10-12
向内移动,move-in,箭头方向,Arrows,移动，剧中，聚合,金 磊,2019-10-12
循环移动,cycle-movement,箭头方向,Arrows,循环，移动,金 磊,2019-10-12
纵向旋转,rotation-vertical,箭头方向,Arrows,旋转，纵向,金 磊,2019-10-12
横向旋转,rotation-horizontal,箭头方向,Arrows,旋转，横向，水平旋转,金 磊,2019-10-12
循环,cycle,箭头方向,Arrows,连续，持续，轮回，圆圈，链接，抽象,金 磊,2019-10-12
回收池,recycling-pool,箭头方向,Arrows,聚合，收拢，回收，沉淀,金 磊,2019-10-12
字母倒序,alphabetical-sorting-two,箭头方向,Arrows,字母倒序，排序，顺序,金 磊,2019-08-16
字母顺序,alphabetical-sorting,箭头方向,Arrows,字母顺序，排序，顺序,金 磊,2019-08-16
排序,sort,箭头方向,Arrows,排序,刘心乐,2019-03-26
发送1,send-one,箭头方向,Arrows,飞机，发送，飞书,齐 奉飞,2019-03-26
可回收,recycling,箭头方向,Arrows,组件，循环，可持续，新能源,金 磊,2019-10-12
更改,change,箭头方向,Arrows,修改，改变，调整，数据，图表,常留留,2019-11-22
传出,outgoing,箭头方向,Arrows,传出，传送，输出，数据，线，传出数据,常留留,2019-11-22
输入,incoming,箭头方向,Arrows,输入，传入，数据，录入，线，输入数据,常留留,2019-11-22
双向数据互传,transfer-data,箭头方向,Arrows,传输，传送，传出，传入，互传，线,常留留,2019-11-22
向下左角,corner-down-left,箭头方向,Arrows,向下，左角，左下，左，左边，下，方向,常留留,2020-01-17
向下右角,corner-down-right,箭头方向,Arrows,右角，向下，右下，右，右边，下，方向,常留留,2020-01-19
左角向下,corner-left-down,箭头方向,Arrows,向下，左角，左下，左，左边，下，方向,常留留,2020-01-19
左角向上,corner-left-up,箭头方向,Arrows,向上，左角，上，左，左边，方向,常留留,2020-01-19
右角向下,corner-right-down,箭头方向,Arrows,向下，右角，右边，右，右侧，下，方向,常留留,2020-01-19
右角向上,corner-right-up,箭头方向,Arrows,向上，右角，右边，右，上，右侧，提升，上升，方向,常留留,2020-01-19
向上左角,corner-up-left,箭头方向,Arrows,向上，左角，左上角，左拐，左侧，方向,常留留,2020-01-19
向上右角,corner-up-right,箭头方向,Arrows,向上，右角，向右，右上角，右拐，右侧，方向,常留留,2020-01-19
洗牌,shuffle,箭头方向,Arrows,刷新，混合，回库，交叉,常留留,2020-01-19
洗牌,shuffle-one,箭头方向,Arrows,刷新，混合，回库，交叉,常留留,2020-01-19
趋势下降,trending-down,箭头方向,Arrows,下降，向下，降低，下跌，趋势,常留留,2020-01-19
趋势上升,trending-up,箭头方向,Arrows,上升，向上，提升，趋势,常留留,2020-01-19
Figma 选择箭头,figma-flatten-selection,箭头方向,Arrows,向下箭头，箭头,金 磊,2020-02-11
右对齐,align-right,编辑操作,Edit,右对齐，对齐,刘心乐,2019-05-27
底对齐,align-bottom,编辑操作,Edit,对齐，底对齐，下对齐,刘心乐,2019-05-27
垂直对齐,align-vertically,编辑操作,Edit,对齐，中间随其，居中对齐,刘心乐,2019-05-27
水平对齐,align-horizontally,编辑操作,Edit,居中对齐，中间对齐，对齐,刘心乐,2019-05-27
左对齐,align-left,编辑操作,Edit,左对齐，对齐,刘心乐,2019-05-27
顶对齐,align-top,编辑操作,Edit,顶部对齐，上对齐，对齐,刘心乐,2019-05-27
水平分布,distribute-horizontally,编辑操作,Edit,水平分布，分布,刘心乐,2019-05-28
垂直分布,distribute-vertically,编辑操作,Edit,垂直分布，分布,刘心乐,2019-05-27
文字底对齐,align-text-bottom,编辑操作,Edit,底对齐，文字对齐,刘心乐,2019-05-29
文字中间对齐,align-text-middle,编辑操作,Edit,文字居中对齐，对齐，居中,刘心乐,2019-05-29
文字顶对齐,align-text-top,编辑操作,Edit,文字顶对齐，对齐，文字对齐,刘心乐,2019-05-29
下层,send-backward,编辑操作,Edit,下层，底层,刘心乐,2019-05-30
上层,bring-forward,编辑操作,Edit,上层，顶层,刘心乐,2019-05-30
标题级别,title-level,编辑操作,Edit,字号，级别，文字尺寸，文字大小,常留留,2019-11-22
标题,h1,编辑操作,Edit,标题，中,常留留,2019-07-11
标题2,h3,编辑操作,Edit,标题，文字，文本,常留留,2019-07-11
标题1,h2,编辑操作,Edit,标题，大,常留留,2019-07-11
四级标题,level-four-title,编辑操作,Edit,4号字体，第四级别标题，四级,常留留,2019-11-22
五级标题,level-five-title,编辑操作,Edit,5号字体，第五级别标题，五级,常留留,2019-11-22
六级标题,level-six-title,编辑操作,Edit,6号字体，第六级别标题，六级,常留留,2019-11-22
七级标题,level-seven-title,编辑操作,Edit,7号字体，第七级别标题，七级,常留留,2019-11-22
八级标题,level-eight-title,编辑操作,Edit,8号字体，第八级别标题，八级,常留留,2019-11-22
九级标题,level-nine-title,编辑操作,Edit,9号字体，第九级别标题，九级,常留留,2019-11-22
有序列表,ordered-list,编辑操作,Edit,列表，序列，排序,常留留,2019-11-22
文字斜体,text-italic,编辑操作,Edit,文字，斜体，排版,常留留,2019-07-11
字号大小,font-size,编辑操作,Edit,字号大小，文字,常留留,2019-07-11
文字加粗,text-bold,编辑操作,Edit,文字加速，排版,常留留,2019-07-11
文字下划线,text-underline,编辑操作,Edit,下划线，文字，排版,常留留,2019-07-11
字体大小,font-size-two,编辑操作,Edit,字体大小，编辑，调整,金 磊,2019-08-16
文字居中,align-text-center,编辑操作,Edit,居中对齐，文字对齐,刘心乐,2019-05-29
文字两边对齐,align-text-both,编辑操作,Edit,两端对齐，文字对齐,刘心乐,2019-05-30
文字居右,align-text-right,编辑操作,Edit,右对齐，文字对齐,刘心乐,2019-05-29
文字居左,align-text-left,编辑操作,Edit,左对齐，文字对齐,刘心乐,2019-05-29
文字居左1,align-text-left-one,编辑操作,Edit,文字对齐，左对齐，对齐,刘心乐,2019-05-29
文字居中1,align-text-center-one,编辑操作,Edit,文字对齐，中对齐，对齐,刘心乐,2019-05-29
文字居右1,align-text-right-one,编辑操作,Edit,文字对齐，右对齐，对齐,刘心乐,2019-05-29
文字两边对齐1,align-text-both-one,编辑操作,Edit,文字对齐，左右对齐，两边对齐,刘心乐,2019-05-30
文字底对齐1,align-text-bottom-one,编辑操作,Edit,文字对齐，底对齐，对齐,刘心乐,2019-05-29
文字顶对齐1,align-text-top-one,编辑操作,Edit,文字对齐，顶对齐，对齐,刘心乐,2019-05-29
文字中间对齐1,align-text-middle-one,编辑操作,Edit,文字对齐，居中对齐，对齐,刘心乐,2019-05-29
文本样式,text-style-one,编辑操作,Edit,文本，编辑，文字，样式，属性,金 磊,2019-11-22
左对齐,left-alignment,编辑操作,Edit,靠左，左边，对齐方式，排版，排版方式,金 磊,2019-11-22
居中对齐,center-alignment,编辑操作,Edit,居中，对齐，对齐方式，排版，排版方式,金 磊,2019-11-22
分散对齐,scatter-alignment,编辑操作,Edit,文本对齐，对齐方式，排版，排版方式，对齐,金 磊,2019-11-22
水平翻转,flip-horizontally,编辑操作,Edit,调整，左右镜像,常留留,2019-03-29
垂直翻转,flip-vertically,编辑操作,Edit,调整，上下镜像,常留留,2019-03-29
解组,ungroup,编辑操作,Edit,组合，解组,常留留,2019-07-11
最上层,bring-to-front,编辑操作,Edit,最上层，图层，层级，顶层,刘心乐,2019-07-24
选中焦点,selected-focus,编辑操作,Edit,选中焦点,常留留,2019-07-11
选中,selected,编辑操作,Edit,选中，命中,常留留,2019-07-11
成组,group,编辑操作,Edit,组合，成组,常留留,2019-07-11
最下层,sent-to-back,编辑操作,Edit,最下层，图层，层级，底层,刘心乐,2019-07-24
写作,write,编辑操作,Edit,协作，写字，编辑，修改,齐 奉飞,2019-07-11
编辑,edit,编辑操作,Edit,撰写，修改,白明泽,2019-03-26
编辑1,edit-one,编辑操作,Edit,撰写，修改,白明泽,2019-03-26
编辑2,edit-two,编辑操作,Edit,撰写，修改,白明泽,2019-03-26
更多,more,编辑操作,Edit,点，三点，更多,齐 奉飞,2019-03-26
更多1,more-one,编辑操作,Edit,点，三点，更多,齐 奉飞,2019-03-26
更多2,more-two,编辑操作,Edit,更多，圆形，三点,齐 奉飞,2019-03-26
更多3,more-three,编辑操作,Edit,更多，圆形，三点,常留留,2019-05-27
文字,text,编辑操作,Edit,文字，输入，文本,白明泽,2019-03-26
翻译,translation,编辑操作,Edit,文本编辑，文字旋转，翻译，转码,金 磊,2019-10-12
文本样式,text-style,编辑操作,Edit,文字样式，样式，文本放大，选中文字，文本,金 磊,2019-10-12
点,dot,编辑操作,Edit,点，圆点,常留留,2019-07-11
行高度,row-height,编辑操作,Edit,行高，高度，行间距,刘心乐,2019-07-24
日历,calendar,编辑操作,Edit,日期，时间，日历，排期,齐 奉飞,2019-03-26
计划,plan,编辑操作,Edit,计划，日期，排期，日历，规划,刘心乐,2019-03-26
合并单元格,merge-cells,编辑操作,Edit,合并单元格，表格，操作,常留留,2019-10-12
拆分单元格,split-cells,编辑操作,Edit,拆分单元格，表格，操作,常留留,2019-10-12
旋转,rotation,编辑操作,Edit,加载,金 磊,2019-10-12
等比,equal-ratio,编辑操作,Edit,等比，一比一，还原,白明泽,2019-05-27
一对一,one-to-one,编辑操作,Edit,"1:1，等比，等比例,一比一，比例",常留留,2019-11-22
一对多,one-to-many,编辑操作,Edit,一对多，1:n，比例,常留留,2019-11-22
多对多,many-to-many,编辑操作,Edit,多对多，n:n，N:N,常留留,2019-11-22
下拉列表,drop-down-list,编辑操作,Edit,下拉，列表，表单，向下,常留留,2019-11-22
亮度,brightness,编辑操作,Edit,显示，显示屏，明暗,常留留,2019-11-22
马赛克,mosaic,编辑操作,Edit,模糊，虚化，遮盖，擦除,常留留,2019-11-22
上传日志,upload-logs,编辑操作,Edit,上传，日志，上传文档，文档,常留留,2019-11-22
引用,quote,编辑操作,Edit,引号，引用，附言,常留留,2019-11-22
代码,code,编辑操作,Edit,代码序列，字段,常留留,2019-11-22
文本换行-溢出,text-wrap-overflow,编辑操作,Edit,超出，溢出，文本，换行，折行,常留留,2019-11-22
文本换行-截断,text-wrap-truncation,编辑操作,Edit,截断，省略，文本省略，换行,常留留,2019-11-22
清除格式,clear-format,编辑操作,Edit,清除，恢复，字体格式,常留留,2019-11-22
格式刷,format-brush,编辑操作,Edit,格式，刷子，复制格式，字体格式，粉刷，上色,常留留,2019-11-22
背景颜色,background-color,编辑操作,Edit,背景，颜色，油漆桶，粉刷，上色,常留留,2019-11-22
压缩文件,zip,编辑操作,Edit,压缩，文件，压缩包，ZIP,常留留,2019-11-22
输入键盘,enter-the-keyboard,编辑操作,Edit,输入，录入，键盘,常留留,2019-11-22
查找,find,编辑操作,Edit,查询，搜索，搜寻，放大镜，搜索列表,常留留,2019-11-22
冻结行,freeze-line,编辑操作,Edit,固定首行，固定,常留留,2019-11-22
冻结列,freeze-column,编辑操作,Edit,固定首列，列,常留留,2019-11-22
冻结行列,freezing-line-column,编辑操作,Edit,固定首行首列，固定,常留留,2019-11-22
圆头端点,endpoint-round,编辑操作,Edit,端点类型,刘心乐,2019-03-27
方头端点,endpoint-flat,编辑操作,Edit,端点类型,刘心乐,2019-03-27
平头端点,endpoint-square,编辑操作,Edit,端点类型,刘心乐,2019-03-27
圆头节点,node-round,编辑操作,Edit,端点类型,刘心乐,2019-03-27
方头节点,node-flat,编辑操作,Edit,端点类型,刘心乐,2019-03-27
平头节点,node-square,编辑操作,Edit,端点类型,刘心乐,2019-03-27
文件-txt,file-txt,编辑操作,Edit,文件，文本文件，文稿，写字，文字,齐 奉飞,2019-08-07
文件-pdf,file-pdf,编辑操作,Edit,文件，PDF 文件,齐 奉飞,2019-08-07
文件-gif,file-gif,编辑操作,Edit,文件，动图，GIF 文件,齐 奉飞,2019-08-07
文件-jpg,file-jpg,编辑操作,Edit,文件，图像，照片，JPG 文件,齐 奉飞,2019-08-07
文件-word,file-word,编辑操作,Edit,文件，文档，文字，Word，办公，文案,齐 奉飞,2019-08-07
文件-excel,file-excel,编辑操作,Edit,文件，表格，数据，办公，文稿,齐 奉飞,2019-08-07
大括号,code-brackets,编辑操作,Edit,代码括号，代码块，大括号，开发,金 磊,2019-07-23
分割线,dividing-line,编辑操作,Edit,分割线，区分，线段,金 磊,2019-07-23
列表,list-bottom,编辑操作,Edit,列表，底部，最后,金 磊,2019-07-23
列表,list-top,编辑操作,Edit,列表，顶部，最前,金 磊,2019-07-23
列表,list-middle,编辑操作,Edit,列表，中间，居中,金 磊,2019-07-23
段落溢出,paragraph-unfold,编辑操作,Edit,段落，表格排版，段落溢出，内容溢出,金 磊,2019-07-23
段落截断,paragraph-cut,编辑操作,Edit,段落，表格排版，段落截断，内容截断,金 磊,2019-07-23
段落折行,paragraph-break,编辑操作,Edit,段落，表格排版，段落折行，内容折行,金 磊,2019-07-23
公式,formula,编辑操作,Edit,公式，算法，计算，复杂，数学,金 磊,2019-07-23
脑图,mind-mapping,编辑操作,Edit,脑图，思维导图，结构图，框架图,金 磊,2019-07-23
高亮,high-light,编辑操作,Edit,高亮，荧光笔，划重点，突出,金 磊,2019-07-23
话题,topic,编辑操作,Edit,话题，超话，挑战赛，讨论,常留留,2019-10-12
四宫格,grid-four,编辑操作,Edit,四宫格,金 磊,2019-08-16
16宫格,grid-sixteen,编辑操作,Edit,十六宫格,金 磊,2019-08-16
九宫格,grid-nine,编辑操作,Edit,九宫格，表格，表单，插入表格,金 磊,2019-08-16
网格3,grid-three,编辑操作,Edit,网格，三个格子,常留留,2019-11-22
网格2,grid-two,编辑操作,Edit,网格，两个格子,常留留,2019-11-22
列,column,编辑操作,Edit,列表，表格,常留留,2019-11-22
文本旋转-无,text-rotation-none,编辑操作,Edit,文本，编辑，文字，旋转,金 磊,2019-11-22
文本旋转-左,text-rotation-left,编辑操作,Edit,文本，编辑，文字，旋转，向左,金 磊,2019-11-22
文本旋转-下,text-rotation-down,编辑操作,Edit,文本，编辑，文字，旋转，向下,金 磊,2019-11-22
文本旋转-上,text-rotation-up,编辑操作,Edit,文本，编辑，文字，旋转，向上,金 磊,2019-11-22
二维码,two-dimensional-code,编辑操作,Edit,扫描，扫码，扫一扫，登录，码，付款码，付款方式,常留留,2020-01-19
二维码,two-dimensional-code-one,编辑操作,Edit,扫描，扫码，扫一扫，登录，码，付款码，付款方式,常留留,2020-01-19
二维码,two-dimensional-code-two,编辑操作,Edit,扫描，扫码，扫一扫，登录，码，付款码，付款方式,常留留,2020-01-19
减少小数位,reduce-decimal-places,编辑操作,Edit,小数位，减少，减少位数,常留留,2020-01-19
增加小数位,increase-the-scale,编辑操作,Edit,小数位，增加，增加位数,常留留,2020-01-19
切换主题,switch-themes,编辑操作,Edit,切换，更换，主题,常留留,2020-01-19
切换完成,switching-done,编辑操作,Edit,更换，完成，对勾,常留留,2020-01-19
删除主题,delete-themes,编辑操作,Edit,删除，清理，移至废纸篓，废纸篓,常留留,2020-01-19
全选,full-selection,编辑操作,Edit,选择，多选，全部选择,常留留,2020-01-19
上一步,back,编辑操作,Edit,撤销，返回，上一步，上一层，快退，后退,常留留,2020-01-19
下一步,next,编辑操作,Edit,进一步，向右，下一级，快进,常留留,2020-01-19
星星,star,编辑操作,Edit,收藏，已收藏，取消收藏，评分，评价，打分，星级,常留留,2020-01-19
下载代码,code-download,编辑操作,Edit,下载，代码，代码下载,常留留,2020-01-19
完成全部,done-all,编辑操作,Edit,全部完成，打勾，勾选，完成,常留留,2020-01-19
编辑撰写,writing-fluently,编辑操作,Edit,编辑，写，书写，书法，记录,金 磊,2020-02-11
散点图,chart-scatter,数据图表,Charts,散点图，图表,齐 奉飞,2019-05-30
折线面积图,chart-line-area,数据图表,Charts,面积图，曲线图，折线图,白明泽,2019-05-30
折线图,chart-line,数据图表,Charts,面积图，曲线图，折线图,齐 奉飞,2019-05-30
条形图,chart-histogram,数据图表,Charts,图表，数据，柱形图，趋势，财经,齐 奉飞,2019-03-26
条形图,chart-histogram-one,数据图表,Charts,图表，数据，柱形图，趋势，财经,齐 奉飞,2019-03-26
条形图,chart-histogram-two,数据图表,Charts,柱形图，图表,齐 奉飞,2019-03-26
子弹图,bullet-map,数据图表,Charts,数据，数据图表,常留留,2019-10-12
最大值,maximum,数据图表,Charts,最大，极限，数值，数据，图表,金 磊,2019-10-12
最小值,min,数据图表,Charts,最小，极限，数值，数据，图表,金 磊,2019-10-12
平均值,average,数据图表,Charts,平均，中等，数值，数据，图表,金 磊,2019-10-12
数据空,data-null,数据图表,Charts,数据为空，空数据，无数据,常留留,2019-03-27
数据,data-one,数据图表,Charts,数据库，数据,常留留,2019-03-27
数据,data-two,数据图表,Charts,部分数据，数据,常留留,2019-03-27
数据,data-three,数据图表,Charts,部分数据，数据,常留留,2019-03-27
数据,data-all,数据图表,Charts,多数据，数据，满数据,常留留,2019-03-27
数据,data-four,数据图表,Charts,部分数据，数据,常留留,2019-03-27
数据库,data,数据图表,Charts,数据库，数据,常留留,2019-03-27
进度,pie,数据图表,Charts,进度，百分比，饼图,白明泽,2019-05-30
进度,pie-one,数据图表,Charts,进度，百分比，饼图,白明泽,2019-05-31
进度,pie-two,数据图表,Charts,进度，百分比，饼图,白明泽,2019-05-31
进度,pie-three,数据图表,Charts,进度，百分比，饼图,白明泽,2019-05-31
进度,pie-four,数据图表,Charts,进度，百分比，饼图,白明泽,2019-05-31
进度,pie-five,数据图表,Charts,进度，百分比，饼图,白明泽,2019-05-31
进度,pie-six,数据图表,Charts,进度，百分比，饼图,白明泽,2019-05-31
进度,pie-seven,数据图表,Charts,进度，百分比，饼图,白明泽,2019-05-31
饼图,chart-pie,数据图表,Charts,饼图，占比，比例,白明泽,2019-05-30
占比图,chart-proportion,数据图表,Charts,饼图，占比，比例,齐 奉飞,2019-03-26
关系图,chart-graph,数据图表,Charts,结构图，关系图，层级,白明泽,2019-05-29
K线图,chart-stock,数据图表,Charts,K线图，股票图，股票,白明泽,2019-05-30
环形图,chart-ring,数据图表,Charts,环形图，环状图,白明泽,2019-05-30
计算,arithmetic-one,数据图表,Charts,计算器，算数，计算，算法,刘心乐,2019-03-27
计算,arithmetic,数据图表,Charts,计算，算数，计算器，算法,刘心乐,2019-03-27
表格,form,数据图表,Charts,表格，图表，数据，列表,刘心乐,2019-03-27
kagi图,kagi-map,数据图表,Charts,数据，数据图表,常留留,2019-10-12
维恩图,viencharts,数据图表,Charts,数据，维恩，图表,金 磊,2019-10-12
区域图,area-map,数据图表,Charts,数据，图表，区域，面积图,金 磊,2019-10-12
垂直时间线,vertical-timeline,数据图表,Charts,时间线，时间，数据，分析，图表,常留留,2019-11-22
马斯洛金字塔,maslow-pyramids,数据图表,Charts,需求层次理论，金字塔需求,常留留,2019-11-22
分析,analysis,数据图表,Charts,网络分析，网络分析师，网络，分析，数据,常留留,2019-11-22
直方图,histogram,数据图表,Charts,折线图，数据分析，charts，数据，图表,常留留,2019-11-22
时间线,timeline,数据图表,Charts,时间线，时间，charts，数据，分析，图表,常留留,2019-11-22
积极动态,positive-dynamics,数据图表,Charts,动态，积极，正向，正向数据，数据，图表,常留留,2019-11-22
消极动态,negative-dynamics,数据图表,Charts,动态，消极，负向，负向数据，数据，图表,常留留,2019-11-22
按开始时间排序,start-time-sort,数据图表,Charts,排序，序列，按时间排序，开始，数据，图表,常留留,2019-11-22
按结束时间排序,end-time-sort,数据图表,Charts,排序，序列，按时间排序，结束数据，图表,常留留,2019-11-22
按最近浏览量排序,recent-views-sort,数据图表,Charts,排序，浏览，最近，查看数据，查看，数据，图表,常留留,2019-11-22
按修改日期排序,change-date-sort,数据图表,Charts,修改，排序，查看，数据，图表,常留留,2019-11-22
按跟进日期排序,follow-up-date-sort,数据图表,Charts,跟进，箭头，下一步，排序，图表，数据,常留留,2019-11-22
按创建日期排序,creation-date-sort,数据图表,Charts,创建，日期，排序，添加，图表，数据,常留留,2019-11-22
按截止日期排序,deadline-sort,数据图表,Charts,截止，关闭，排序，截止日期，图表，数据，charts,常留留,2019-11-22
活动源,activity-source,数据图表,Charts,数据库，数据，数据源，活动源,常留留,2019-11-22
数据到达,data-arrival,数据图表,Charts,任务完成，完成，结束，成功，数据,常留留,2019-11-22
单播,unicast,数据图表,Charts,点对点通信，节点传输,常留留,2019-11-22
多播,multicast,数据图表,Charts,组播，节点传输，多节点，传输，通信,常留留,2019-11-22
广播,broadcast-one,数据图表,Charts,多节点传输，传输，数据，通信,常留留,2019-11-22
数据透视表,pivot-table,数据图表,Charts,数据，透视，表格，交互式表格,常留留,2019-11-22
气泡图,bubble-chart,数据图表,Charts,气泡，数据，图表,常留留,2019-11-22
单选框-未选中,radio-uncheck,组件,Component,单选框，不选中，圆圈,白明泽,2019-03-26
单选框,radio,组件,Component,小程序关闭，圆圈,白明泽,2019-03-26
复选框-未选中,checkbox-uncheck,组件,Component,不选中，多选框,白明泽,2019-03-26
复选框,checkbox,组件,Component,选中，多选框,白明泽,2019-03-26
表格,table-data,组件,Component,表格，数据，列表，可视化,金 磊,2019-07-23
下拉菜单,dropdown,组件,Component,下拉菜单，下拉选项，多选项,金 磊,2019-07-23
输入,input,组件,Component,输入，控件，组件,金 磊,2019-08-16
抖音,tiktok,品牌标识,Brand,抖音，短视频，小视频，TikTok，logo，字节跳动,常留留,2019-10-12
西瓜视频,xigua,品牌标识,Brand,西瓜，视频，场视频，logo，字节跳动,常留留,2019-10-12
火山小视频,vigo,品牌标识,Brand,火山，小视频，短视频，logo，字节跳动,常留留,2019-10-12
topbuzz,topbuzz,品牌标识,Brand,短视频，小视频，Topbuzz，logo，字节跳动,常留留,2019-10-12
懂车帝,dongchedi,品牌标识,Brand,汽车，资讯，媒体，logo，字节跳动,常留留,2019-10-12
飞书,lark,品牌标识,Brand,协作，办公，logo，字节跳动,常留留,2019-10-12
巨量引擎,oceanengine,品牌标识,Brand,巨量引擎，广告投放，广告，变现，营销,常留留,2019-11-22
微博,weibo,品牌标识,Brand,微博，新浪微薄,常留留,2019-10-12
苹果,apple,品牌标识,Brand,苹果，手机，电脑，设备,常留留,2019-10-12
安卓,android,品牌标识,Brand,安卓，谷歌，操作系统,常留留,2019-10-12
微软视窗,windows,品牌标识,Brand,微软，操作系统,常留留,2019-10-12
星图,xingtu,品牌标识,Brand,星图，达人，撮合，即合，oceanengine,常留留,2019-11-22
飞鱼CRM,feiyu,品牌标识,Brand,飞鱼，CRM，线索，oceanengine,常留留,2019-11-22
易拍,market,品牌标识,Brand,巨量创意，易拍，广告拍摄，滤镜，编辑视频，oceanengine,常留留,2019-11-22
小六客服,customer,品牌标识,Brand,客服，聊天，沟通，oceanengine,常留留,2019-11-22
浏览器-safari,browser-safari,品牌标识,Brand,苹果浏览器，Safari,常留留,2019-05-31
浏览器-chrome,browser-chrome,品牌标识,Brand,谷歌浏览器，Chrome,常留留,2019-05-31
朋友圈,friends-circle,品牌标识,Brand,朋友圈，快门，微信，拍照，社交，晒图,常留留,2019-10-12
微信,wechat,品牌标识,Brand,聊天，社交，沟通，语音,常留留,2019-10-12
优兔,youtube,品牌标识,Brand,小视频，短视频，logo，社交，社交平台,常留留,2019-10-12
github-one,github-one,品牌标识,Brand,代码共享社区，开发，社区,常留留,2019-10-12
github ,github,品牌标识,Brand,代码共享社区，开发，社区,常留留,2019-10-12
推特,twitter,品牌标识,Brand,小视频，短视频，logo，社交，新闻，国际社交，社交平台,常留留,2019-10-12
脸书,facebook,品牌标识,Brand,小视频，短视频，logo，社交，社交平台,常留留,2019-10-12
脸书,facebook-one,品牌标识,Brand,小视频，短视频，logo，社交，社交平台,常留留,2019-10-12
instagram,instagram,品牌标识,Brand,小视频，短视频，logo，社交，图片分享，国际社交，社交平台,常留留,2019-10-12
gitlab,gitlab,品牌标识,Brand,代码共享社区，开发，社区,常留留,2019-10-12
橙子建站,orange-station,品牌标识,Brand,智能建站，落地页，智能设计平台，oceanengine，H5,常留留,2019-11-22
巨量创意,cc,品牌标识,Brand,创意中心，商业化品牌，创意广告，oceanengine,常留留,2019-11-22
青鸟线索通,qingniao-clue,品牌标识,Brand,商业化品牌，品牌广告，oceanengine,常留留,2019-11-22
支付宝,alipay,品牌标识,Brand,手机付款，移动支付，无现金支付，阿里支付,常留留,2019-11-22
淘宝,taobao,品牌标识,Brand,阿里巴巴，电商，购物，手机购物,常留留,2019-11-22
谷歌,google,品牌标识,Brand,搜索，search，company，Google LLC，,常留留,2020-01-16
追波,dribble,品牌标识,Brand,logo，设计，社区，分享，国际设计师社区，design，designer，share,常留留,2020-01-16
字节设计,bydesign,品牌标识,Brand,Bytedesign，Bydesign，字节跳动，设计中台，design,常留留,2020-01-16
多云,cloudy,天气自然,Weather,阴天，云彩，云朵，多云,齐 奉飞,2019-08-07
雷雨,thunderstorm,天气自然,Weather,雷雨，打雷，闪电，下雨,齐 奉飞,2019-08-07
大雨,heavy-rain,天气自然,Weather,大雨，下雨，洪水,齐 奉飞,2019-08-07
沙尘暴,sandstorm,天气自然,Weather,沙尘暴，浮尘，大风，坏天气,齐 奉飞,2019-08-07
太阳1,sun-one,天气自然,Weather,阳光，太阳，晴朗,常留留,2019-08-07
大雾,fog,天气自然,Weather,大雾，雾霾，云雾,齐 奉飞,2019-08-07
太阳,sun,天气自然,Weather,太阳，晴朗，阳光,常留留,2019-05-29
小雨,light-rain,天气自然,Weather,下雨，小雨,齐 奉飞,2019-08-07
雪花,snowflake,天气自然,Weather,雪花，下雪，天气，寒冷，大雪,齐 奉飞,2019-07-11
晴天,sunny,天气自然,Weather,天气，晴朗，好心情,常留留,2019-08-07
雷雨,thunderstorm-one,天气自然,Weather,雷雨，打雷，闪电，下雨,齐 奉飞,2019-08-07
月亮,moon,天气自然,Weather,夜晚，月亮，黑夜，晚上，月牙，黑暗,常留留,2019-05-29
苹果电脑iMac,i-mac,硬件设备,Hardware,iMac，苹果电脑，电脑，设备，硬件，PC,常留留,2019-08-07
电视,tv,硬件设备,Hardware,电视，设备，综艺，屏幕，大屏，硬件,常留留,2019-08-07
大巴,bus,硬件设备,Hardware,大巴，旅游，汽车，出行，交通,白明泽,2019-07-11
货车,truck,硬件设备,Hardware,出行，货车，卡车，皮卡，硬件，汽车，设备，交通，运输,常留留,2019-08-07
键盘,keyboard,硬件设备,Hardware,输入，键盘，按键,白明泽,2019-03-29
计算器,calculator,硬件设备,Hardware,计算器，计算，硬件，算数，数学，算力,常留留,2019-08-07
自行车,bike,硬件设备,Hardware,自行车，单车，交通，出行，健身，锻炼,常留留,2019-08-07
芯片,cpu,硬件设备,Hardware,芯片，CPU，GPU，算法，算力，电路，运算,常留留,2019-08-07
路由器,router,硬件设备,Hardware,路由器，路由，网络，设备，硬件，存储，信号,常留留,2019-08-07
网络摄像头,webcam,硬件设备,Hardware,摄像头，拍摄，摄像机，镜头，网络,常留留,2019-08-07
虚拟现实眼镜,virtual-reality-glasses,硬件设备,Hardware,VR，虚拟现实，眼睛，AR，增强现实，游戏,常留留,2019-08-07
音响,speaker,硬件设备,Hardware,音乐，音响，设备，声音，家庭影院,常留留,2019-08-07
平板电脑,pad,硬件设备,Hardware,电脑，平板，pad，游戏，设备,常留留,2019-08-07
服务器,server,硬件设备,Hardware,服务器，运算，计算，机房，云计算,常留留,2019-08-07
监控摄像头,monitor-camera,硬件设备,Hardware,监控，摄像头，网络摄像头，摄像机，摄像机，摄像头，监视,白明泽,2019-08-07
打印机,printer,硬件设备,Hardware,打印机，打印，设备，纸张，输出，硬件,常留留,2019-08-07
手机,phone,硬件设备,Hardware,Phone，电话，通信，手机,齐 奉飞,2019-03-27
汽车,car,硬件设备,Hardware,交通，汽车，小轿车，出行,白明泽,2019-03-29
从动装置,hunting-gear,硬件设备,Hardware,组件，配置，驱动，装置，从动,常留留,2019-11-22
云存储,cloud-storage,硬件设备,Hardware,储存，云盘，cloud，store,常留留,2019-11-22
硬盘,hard-disk,硬件设备,Hardware,储存，存储，移动硬盘，store,常留留,2019-11-22
固态硬盘,solid-state-disk,硬件设备,Hardware,储存，存储，硬盘，store,常留留,2019-11-22
存储卡,sd-card,硬件设备,Hardware,SD，secure digital memory card，储存，存储，store，card，芯片,常留留,2019-11-22
微型存储卡,mini-sd-card,硬件设备,Hardware,微型SD卡，SD，储存，存储，store,常留留,2019-11-22
开心,emotion-happy,表情符号,Emoji,表情，成功，笑脸，喜悦,刘心乐,2019-03-27
不开心,emotion-unhappy,表情符号,Emoji,表情，失败，哭脸，不开心，悲伤,刘心乐,2019-03-27
担心,worried-face,表情符号,Emoji,表情，失败，哭脸，不开心，悲伤,金 磊,2019-09-11
眨眼睛,winking-face,表情符号,Emoji,眨眼睛,金 磊,2019-09-11
抿嘴闭眼,confounded-face,表情符号,Emoji,抿嘴闭眼,金 磊,2019-09-11
轻微沮丧,slightly-frowning-face-whit-open-mouth,表情符号,Emoji,轻微沮丧,金 磊,2019-09-11
闭眼笑,grinning-face-with-tightly-closed-eyes,表情符号,Emoji,闭眼笑,金 磊,2019-09-11
正常标签,neutral-face,表情符号,Emoji,正常标签,金 磊,2019-09-11
哭,loudly-crying-face,表情符号,Emoji,哭,金 磊,2019-09-11
闭眼生气,distraught-face,表情符号,Emoji,闭眼生气,金 磊,2019-09-11
沮丧,weary-face,表情符号,Emoji,沮丧,金 磊,2019-09-11
愤怒,pouting-face,表情符号,Emoji,愤怒,金 磊,2019-09-11
开心,grinning-face,表情符号,Emoji,开心,金 磊,2019-09-11
生气,angry-face,表情符号,Emoji,生气,金 磊,2019-09-11
翻转笑脸,upside-down-face,表情符号,Emoji,翻转笑脸,金 磊,2019-09-11
张嘴哭,loudly-crying-face-whit-open-mouth,表情符号,Emoji,张嘴哭,金 磊,2019-09-11
囧笑,sly-face-whit-smile,表情符号,Emoji,囧笑,金 磊,2019-09-11
笑眯眼,grinning-face-with-squinting-eyes,表情符号,Emoji,笑眯眼,金 磊,2019-09-11
失落,disappointed-face,表情符号,Emoji,失落,金 磊,2019-09-11
张大嘴,astonished-face,表情符号,Emoji,张大嘴,金 磊,2019-09-11
微笑,slightly-smiling-face,表情符号,Emoji,微笑,金 磊,2019-09-11
张嘴闭眼笑,grinning-face-with-tightly-closed-eyes-open-mouth,表情符号,Emoji,张嘴闭眼笑,金 磊,2019-09-11
无语脸,expressionless-face,表情符号,Emoji,无语脸,金 磊,2019-09-11
张嘴笑,grinning-face-with-open-mouth,表情符号,Emoji,张嘴笑,金 磊,2019-09-11
眨一个眼睛,winking-face-with-open-eyes,表情符号,Emoji,眨一个眼睛,金 磊,2019-09-11
别嘴生气,frowning-face-whit-open-mouth,表情符号,Emoji,别嘴生气,金 磊,2019-09-11
惊讶张嘴,surprised-face-with-open-big-mouth,表情符号,Emoji,惊讶张嘴,金 磊,2019-09-11
大眼笑,face-with-smiling-open-eyes,表情符号,Emoji,大眼笑,金 磊,2019-09-11
笑眯眼,smiling-face-with-squinting-eyes,表情符号,Emoji,笑眯眼,金 磊,2019-09-11
无嘴脸,face-without-mouth,表情符号,Emoji,无嘴脸,金 磊,2019-09-11
笑眯眼,relieved-face,表情符号,Emoji,笑眯眼,金 磊,2019-09-11
张嘴晕,dizzy-face,表情符号,Emoji,张嘴晕,金 磊,2019-09-11
惊讶,surprised-face-with-open-mouth,表情符号,Emoji,惊讶,金 磊,2019-09-11
圆嘴,anguished-face,表情符号,Emoji,圆嘴,金 磊,2019-09-11
笑脸,smiling-face,表情符号,Emoji,笑脸,金 磊,2019-09-11
别嘴,confused-face,表情符号,Emoji,别嘴,金 磊,2019-09-11
呲牙张嘴,grimacing-face,表情符号,Emoji,呲牙张嘴,金 磊,2019-09-11
广告产品,ad-product,表意抽象,Abstract,广告产品，抽象，盒子，箱子，立体,常留留,2019-03-29
报表,table-report,表意抽象,Abstract,广告报表，抽象,常留留,2019-03-27
应用,application-one,表意抽象,Abstract,受众分析，抽象,白明泽,2019-03-29
销售,sales-report,表意抽象,Abstract,销售，售卖，数据，抽象,常留留,2019-03-27
API 应用,api-app,表意抽象,Abstract,API，应用，抽象，AD 平台,常留留,2019-10-12
智能优化,smart-optimization,表意抽象,Abstract,智能优化，抽象，圆环,常留留,2019-10-12
图形连接,rectangular-circular-connection,表意抽象,Abstract,图形连接，链接，抽象,金 磊,2019-08-07
图形分割,rectangular-circular-separation,表意抽象,Abstract,图形分割，链接，抽象，分裂,金 磊,2019-08-07
嵌套图形,stereo-nesting,表意抽象,Abstract,嵌套图形，抽象，标志，logo,金 磊,2019-08-07
圆圈,circle-five-line,表意抽象,Abstract,圆圈，连接，抽象，五个,金 磊,2019-08-16
魔比斯环,cross-ring-two,表意抽象,Abstract,魔比斯环，循环，双环,金 磊,2019-08-16
圆圈,circle-four-line,表意抽象,Abstract,圆圈，连接，抽象，四个,金 磊,2019-08-16
圆圈,circle-two-line,表意抽象,Abstract,圆圈，连接，抽象，两个,金 磊,2019-08-16
徽章提醒,badge,表意抽象,Abstract,抽象，框选，徽章，提醒，组件,金 磊,2019-10-12
双X符号,symbol-double-x,表意抽象,Abstract,双X符号，抽象，关闭，道路，十字路口,金 磊,2019-08-07
多方形,multi-rectangle,表意抽象,Abstract,多方形，方形，叠加，缩放,金 磊,2019-08-07
多圆形,multi-circular,表意抽象,Abstract,多圆形，圆形，叠加，缩放,金 磊,2019-08-07
图形组合,graphic-design-two,表意抽象,Abstract,图形组合，拼接，组合，几何,金 磊,2019-08-16
图形设计,graphic-design,表意抽象,Abstract,图形设计，几个，组合，拼接,金 磊,2019-08-16
圆圈,circle-four,表意抽象,Abstract,圆圈，抽象，四个,金 磊,2019-08-16
圆圈,circle-three,表意抽象,Abstract,圆圈，抽象，三个,金 磊,2019-08-16
双半圆,two-semicircles,表意抽象,Abstract,双半圆，抽象,金 磊,2019-08-16
大X,rectangle-x,表意抽象,Abstract,大X，抽象，关闭，错误,金 磊,2019-08-16
宝箱,treasure-chest,表意抽象,Abstract,宝箱，箱子，宝贝,金 磊,2019-08-16
圆形组合,graphic-stitching,表意抽象,Abstract,圆形组合，组合，拼接,金 磊,2019-08-16
对称,symmetry,表意抽象,Abstract,对称，抽象，编辑，操作,金 磊,2019-08-16
圆圈,circles-seven,表意抽象,Abstract,圆圈，抽象，六个,金 磊,2019-08-16
关联,association,表意抽象,Abstract,交集，关联，联系,金 磊,2019-10-12
多圆环,multi-ring,表意抽象,Abstract,关联，圆环，交集，抽象,金 磊,2019-10-12
几何花,geometric-flowers,表意抽象,Abstract,几何，圆环，抽象,金 磊,2019-10-12
切换,app-switch,表意抽象,Abstract,屏幕切换，轮播，幻屏,金 磊,2019-10-12
圆形组合,graphic-stitching-three,表意抽象,Abstract,圆形，方形，连接，抽象,金 磊,2019-10-12
圆形组合,graphic-stitching-four,表意抽象,Abstract,圆形，方形，连接，抽象,金 磊,2019-10-12
三角形,refraction,表意抽象,Abstract,三菱镜，多进少出，抽象，几何,金 磊,2019-10-12
光晕,halo,表意抽象,Abstract,虚线圆环，光照，扩散,金 磊,2019-10-12
包容网关,inclusive-gateway,表意抽象,Abstract,网关，菱形，抽象，几何,常留留,2019-11-22
排他网关,exclusive-gateway,表意抽象,Abstract,排他，菱形，抽象，几何,常留留,2019-11-22
并行网关,parallel-gateway,表意抽象,Abstract,并行，菱形，抽象，几何,常留留,2019-11-22
汇聚网关,converging-gateway,表意抽象,Abstract,汇聚，菱形，抽象，几何,常留留,2019-11-22
旋风,whirlwind,表意抽象,Abstract,旋转，旋风，循环,金 磊,2020-02-11
更新,update-rotation,表意抽象,Abstract,更新，旋转，下载，最新,金 磊,2020-02-11
星星,two-triangles,表意抽象,Abstract,三角，星星,金 磊,2020-02-11
三斜杠,three-slashes,表意抽象,Abstract,三斜杠，标志,金 磊,2020-02-11
两个椭圆,two-ellipses,表意抽象,Abstract,两个椭圆，央视,金 磊,2020-02-11
三个菱形,three-hexagons,表意抽象,Abstract,三个菱形,金 磊,2020-02-11
纹理,texture,表意抽象,Abstract,纹理,金 磊,2020-02-11
切换对比,switch-contrast,表意抽象,Abstract,切换对比,金 磊,2020-02-11
纹理,texture-two,表意抽象,Abstract,纹理，底图,金 磊,2020-02-11
分离,split-branch,表意抽象,Abstract,分离，编辑，对比,金 磊,2020-02-11
纹路,process-line,表意抽象,Abstract,纹路,金 磊,2020-02-11
旋转,one-third-rotation,表意抽象,Abstract,旋转，箭头,金 磊,2020-02-11
半圆,misaligned-semicircle,表意抽象,Abstract,半圆,金 磊,2020-02-11
六边条,hexagon-strip,表意抽象,Abstract,六边条,金 磊,2020-02-11
游戏表情,game-emoji,表意抽象,Abstract,游戏表情,金 磊,2020-02-11
四个箭头,four-arrows,表意抽象,Abstract,箭头，四个箭头,金 磊,2020-02-11
五个椭圆,five-ellipses,表意抽象,Abstract,五个椭圆,金 磊,2020-02-11
解除组件,figma-reset-instance,表意抽象,Abstract,解除组件,金 磊,2020-02-11
组件,figma-component,表意抽象,Abstract,组件，figma,金 磊,2020-02-11
模块箭头,blocks-and-arrows,表意抽象,Abstract,模块箭头,金 磊,2020-02-11
星号,asterisk,表意抽象,Abstract,星号，符号，圆形,金 磊,2020-02-11
学位帽,degree-hat,其它分类,Others,今日学堂，学位，学习，帽子,常留留,2019-03-21
连接点,connection-point,其它分类,Others,网络，连接点，节点，网络邻居,刘心乐,2019-03-27
名片,id-card,其它分类,Others,名片，卡片，证件,白明泽,2019-07-11
书籍,book,其它分类,Others,书本，笔记，文件,常留留,2019-03-27
三角杯,flask,其它分类,Others,三角杯，试验，酒杯，测量，化学,白明泽,2019-08-07
推送请求,pull-requests,其它分类,Others,推动，消息，Git,齐 奉飞,2019-07-11
分支,branch,其它分类,Others,分支，程序，管理，Git,齐 奉飞,2019-07-11
分叉,fork,其它分类,Others,交叉，拷贝代码，复制，Git,齐 奉飞,2019-07-11
分支,branch-two,其它分类,Others,分支，Git，代码管理，分布式,金 磊,2019-08-16
连接,connection,其它分类,Others,连接，箭头，线段，链接，结合,金 磊,2019-07-23
交叉环,cross-ring,其它分类,Others,交叉，环形，关系,齐 奉飞,2019-07-11
支付码,pay-code,其它分类,Others,支付，支付宝，扫码，支付，花钱，财产,常留留,2019-07-11
插头,plug,其它分类,Others,插头，插座，电力,齐 奉飞,2019-07-11
震动,shake,其它分类,Others,震动，颤抖，抖动，摇摆,白明泽,2019-07-11
电话卡,sim,其它分类,Others,电话卡，sim 卡，5G 卡,常留留,2019-07-11
温度计,thermometer,其它分类,Others,温度计，测量，体温，冷热,齐 奉飞,2019-07-11
试管,vial,其它分类,Others,试管，试验，量管，测量，测试,白明泽,2019-08-07
奶瓶,baby-bottle,其它分类,Others,奶瓶，婴儿，牛奶，儿童,白明泽,2019-07-11
煮锅,cooking-pot,其它分类,Others,煮熟，烹饪，厨房，做饭，美食，餐饮,白明泽,2019-07-11
幽灵,ghost,其它分类,Others,幽灵，游戏，恐怖，可怕,白明泽,2019-07-11
游戏,game,其它分类,Others,游戏，娱乐，玩耍,白明泽,2019-07-11
游戏,game-two,其它分类,Others,游戏，手柄，操作，玩,金 磊,2019-11-22
游戏摇杆,joystick,其它分类,Others,游戏，操作，摇杆，手柄,白明泽,2019-07-11
游戏手柄,game-handle,其它分类,Others,游戏，手柄，操作，玩,白明泽,2019-07-11
掌机,handheld,其它分类,Others,掌机，手机，游戏机，主机,白明泽,2019-07-11
水费,water-rate,其它分类,Others,费用，水费，钱，缴费，交费,白明泽,2019-08-07
礼花,fireworks,其它分类,Others,礼花，庆祝，欢庆，节日,白明泽,2019-07-11
骷髅,skull,其它分类,Others,鼓楼，恐怖，危险，骨头,白明泽,2019-08-07
扑克,poker,其它分类,Others,扑克，赌博，运气，魔术,白明泽,2019-07-11
红包,red-envelopes,其它分类,Others,红包，钱,常留留,2019-07-11
信号,signal,其它分类,Others,信号源，消息，来信,齐 奉飞,2019-07-11
信号,signal-one,其它分类,Others,信号源，消息，基站,常留留,2020-01-19
魔法棒,magic,其它分类,Others,魔法，魔术，神奇，变化,齐 奉飞,2019-07-11
床头柜,bedside,其它分类,Others,床头柜，家居，家具，装修,齐 奉飞,2019-07-11
沙发,sofa-two,其它分类,Others,居家，home，家居，家具，装修，家装,常留留,2019-10-12
沙发,sofa,其它分类,Others,沙发，家居，家具，装修,白明泽,2019-07-11
条形码,bar-code,其它分类,Others,条形码，扫码，支付，结账,常留留,2019-07-11
数据接口,usb,其它分类,Others,USB 设备，存储，插口，接口,白明泽,2019-08-07
钻石,diamond,其它分类,Others,钻石，钻戒，戒指，结婚,常留留,2019-07-11
趋势,trend,其它分类,Others,上升，升高，上调，调高，涨幅,白明泽,2019-03-27
主题,theme,其它分类,Others,主题，衣服，服装,白明泽,2019-07-11
钞票,paper-money,其它分类,Others,钞票，钱财，财产，资金，金融，经济,白明泽,2019-07-11
橄榄球,rugby,其它分类,Others,橄榄球，运动，体育,齐 奉飞,2019-07-11
足球,football,其它分类,Others,足球，运动，体育,齐 奉飞,2019-07-11
篮球,basketball,其它分类,Others,追波，dribbble，篮球，设计,常留留,2019-07-11
棒球,baseball,其它分类,Others,棒球，运动，体育，板球,常留留,2019-07-11
健身,dumbbell,其它分类,Others,健身，运动，减肥，体育，哑铃，举重,常留留,2019-10-12
台球黑八,black-eight,其它分类,Others,台球黑八，运动，台球，斯诺克，桌球,金 磊,2019-08-07
船,ship,其它分类,Others,船，舰船，出行，海洋，运输，交通,白明泽,2019-08-07
人群,peoples,其它分类,Others,用户，客户 ，员工，多人,齐 奉飞,2019-03-27
添加人群,people-plus,其它分类,Others,减少，用户，客户，删除,齐 奉飞,2019-03-27
人员,people,其它分类,Others,用户，客户，个人中心，账户中心，我的，员工,齐 奉飞,2019-03-27
减少人群,people-minus,其它分类,Others,添加，用户，客户,齐 奉飞,2019-03-27
添加人群,people-plus-one,其它分类,Others,减少，用户，客户，删除,齐 奉飞,2019-03-27
减少人群,people-minus-one,其它分类,Others,添加，用户，客户,齐 奉飞,2019-03-27
用户,user,其它分类,Others,账户，个人中心，我的，人群，人,金 磊,2019-11-22
用户定位,user-positioning,其它分类,Others,定位，用户，个人中心，我的，人群，人,金 磊,2019-11-22
添加用户,add-user,其它分类,Others,添加，增加，人群扩充，用户，个人中心，我的，人,金 磊,2019-11-22
减少用户,reduce-user,其它分类,Others,减少，精简，用户，人群，我的，个人中心，人,金 磊,2019-11-22
错误用户,wrong-user,其它分类,Others,错误，关闭，关闭用户权限，删除用户,金 磊,2019-11-22
正确用户,right-user,其它分类,Others,正确，用户，精准，完成,金 磊,2019-11-22
指示牌,guide-board,其它分类,Others,指示牌，方向,白明泽,2019-07-11
地图道路,map-road,其它分类,Others,地图，道路，交通，出行,白明泽,2019-08-07
道路,road,其它分类,Others,道路，交通，运输,白明泽,2019-07-11
方向标识,road-sign,其它分类,Others,方向标识，方向，指示牌，单方向，交通,金 磊,2019-07-23
出租车,taxi,其它分类,Others,出租车，出行，交通，汽车，付费,白明泽,2019-08-07
表格,table-file,其它分类,Others,表格，数据，列表,白明泽,2019-08-07
户外,outdoor,其它分类,Others,户外，运动，体育，锻炼，旅游,齐 奉飞,2019-07-11
素材,material,其它分类,Others,用户素材，图像，素材,齐 奉飞,2019-03-19
电话,phone-telephone,其它分类,Others,电话，呼叫，通话,齐 奉飞,2019-03-27
电拨拨出,phone-outgoing,其它分类,Others,拨出，呼叫，通话，电话,齐 奉飞,2019-03-27
电话拨入,phone-incoming,其它分类,Others,拨入，呼叫，电话,齐 奉飞,2019-03-27
电话呼叫,phone-call,其它分类,Others,通话记录，电话，呼叫，通话,齐 奉飞,2019-03-27
电拨拨出,phone-outgoing-one,其它分类,Others,拨出，呼叫，通话,齐 奉飞,2019-03-27
电话拨入,phone-incoming-one,其它分类,Others,拨入，电话,齐 奉飞,2019-03-27
电话错过,phone-missed,其它分类,Others,电话，呼叫，通话，错过,常留留,2020-01-17
电话关闭,phone-off,其它分类,Others,电话，呼叫，通话，关闭通话，关闭，关闭联系,常留留,2020-01-17
图层,layers,其它分类,Others,推广管理，管理，集合，多层，叠加,常留留,2019-03-29
工作台,workbench,其它分类,Others,电脑，工作桌，平台,齐 奉飞,2019-03-28
速度,speed,其它分类,Others,速率，速度表，仪表盘,刘心乐,2019-03-28
均衡器,equalizer,其它分类,Others,音量调节，调整，设置调整,常留留,2019-03-27
工具,tool,其它分类,Others,优化，扳手，设置,白明泽,2019-03-28
城市,city-one,其它分类,Others,城市，建筑，楼房,齐 奉飞,2019-03-28
速度,speed-one,其它分类,Others,速率，速度表，仪表盘,刘心乐,2019-03-28
追踪,trace,其它分类,Others,追踪，查探，目标，命中,常留留,2019-03-27
拖拽,drag,其它分类,Others,拉，拽，拖拽，位移，移动，六点,常留留,2019-03-27
钥匙,key,其它分类,Others,钥匙，答案，开锁，方法,常留留,2019-03-27
圆环,ring,其它分类,Others,循环，环形，连接，开源库，Open source library,常留留,2019-03-27
圆环,ring-one,其它分类,Others,循环，环形，连接，四个，合作,常留留,2019-03-27
创意,creative,其它分类,Others,想法，创新，五星，徽章,常留留,2019-03-27
风车,pinwheel,其它分类,Others,风车，风轮，旋风，旋转,金 磊,2019-07-23
回收站,recycle-bin,其它分类,Others,回收站，回收，垃圾桶，恢复，积累,常留留,2019-10-12
火热,fire,其它分类,Others,火热，热门，流行，火，热，夏天,常留留,2019-10-12
指纹,fingerprint-three,其它分类,Others,指纹，身份，识别，解锁，验证，安全，认证,常留留,2019-10-12
娱乐,entertainment,其它分类,Others,娱乐，唱歌，麦克风，说话，KTV,常留留,2019-10-12
演出,performance,其它分类,Others,演出，音乐，表演，娱乐，歌曲，播放,常留留,2019-10-12
睡眠,sleep,其它分类,Others,睡眠，夜晚，打呼噜，酣睡，休息，黑夜,常留留,2019-10-12
分组,connection-box,其它分类,Others,分组，关联，联系，服务器，技术，管理,常留留,2019-10-12
沙漏空,hourglass-null,其它分类,Others,沙漏，等待，时间，加载,齐 奉飞,2019-07-11
沙漏满,hourglass-full,其它分类,Others,沙漏，等待，时间，加载,齐 奉飞,2019-07-11
仪表盘,dashboard,其它分类,Others,仪表盘，仪表，指针，数据，转盘,金 磊,2019-08-07
材质,material-two,其它分类,Others,材质，拍摄，设置，摄像,金 磊,2019-08-07
垂直拖动,sliding-vertical,其它分类,Others,垂直拖动，双方向，方向，箭头，上下,金 磊,2019-08-07
水平拖动,sliding-horizontal,其它分类,Others,水平拖动，双方向，方向，箭头，左右,金 磊,2019-08-07
轮播,carousel,其它分类,Others,轮播，轮换，轮转，头图，焦点图，运营图,金 磊,2019-08-07
坐标系统,coordinate-system,其它分类,Others,坐标系统，3D，立体，坐标,金 磊,2019-08-07
嘴巴,mouth,其它分类,Others,嘴巴，美妆，化妆，时尚，器官，口，说话,金 磊,2019-08-07
美元,dollar,其它分类,Others,美元，钱，财富，货币，经济,金 磊,2019-08-07
对比度,contrast,其它分类,Others,对比度，参数，摄像，牌照，配置,金 磊,2019-08-07
摇滚手势,rock-gesture,其它分类,Others,摇滚手势，爱你，爱心，摇滚，手势，姿势，态度，乐队,金 磊,2019-08-07
仪表盘,dashboard-car,其它分类,Others,仪表盘，汽车，指针，表盘,金 磊,2019-08-07
缩放,zoom-internal,其它分类,Others,缩放，内缩放，大小,金 磊,2019-08-07
插卡,insert-card,其它分类,Others,插卡，插入，卡槽，取款机,金 磊,2019-08-07
颜色滤镜,color-filter,其它分类,Others,颜色滤镜，滤镜，过滤，效果，特效,金 磊,2019-08-07
喝茶,tea-drink,其它分类,Others,喝茶，美食，饮食，餐饮，下午茶，饥饿，吃饭，零食,金 磊,2019-08-07
面条,noodles,其它分类,Others,面条，美食，饮食，饥饿，吃饭，午餐，早餐，晚餐,金 磊,2019-08-07
树结构,tree-list,其它分类,Others,树结构，结构，树，序列，排序,金 磊,2019-08-07
排行榜,ranking,其它分类,Others,排行榜，柱状图，奖牌，排名，热榜,金 磊,2019-08-07
扇子,fan,其它分类,Others,扇子，文化，中国风，凉快，降温,金 磊,2019-08-07
切换轨道,switch-track,其它分类,Others,切换轨道，切换，轨道，线路,金 磊,2019-08-07
点击,click,其它分类,Others,点击，选中，鼠标，操作，执行,金 磊,2019-08-07
数据接口,usb-one,其它分类,Others,USB 设备，存储，插口，接口,白明泽,2019-08-07
对勾,check-correct,其它分类,Others,对勾，正确，复选，多选,金 磊,2019-08-16
VIP,vip,其它分类,Others,VIP，加V,金 磊,2019-08-16
身份证,id-card-v,其它分类,Others,身份证，ID，工牌，卡片,金 磊,2019-08-16
商店,shop,其它分类,Others,商店，购物，商场，门店,金 磊,2019-08-16
贝塞尔曲线,bezier-curve,其它分类,Others,贝塞尔曲线，曲线，编辑，节点,金 磊,2019-08-16
错误,big-x,其它分类,Others,错误，埃克斯，特步,金 磊,2019-08-16
笔记本,laptop,其它分类,Others,笔记本，硬件，计算机，电脑,金 磊,2019-08-16
趋势,trend-two,其它分类,Others,趋势，数据，涨幅，增长,金 磊,2019-08-16
水位线,water-level,其它分类,Others,水位线，水滴,金 磊,2019-08-16
正玄曲线,sinusoid,其它分类,Others,正玄曲线，科学，数学，教育，物理,金 磊,2019-08-16
分享,share-sys,其它分类,Others,分享，信号，播音，投屏,金 磊,2019-08-16
指纹,fingerprint-two,其它分类,Others,指纹，安全，解锁，认证，验证,金 磊,2019-08-16
点击,click-tap-two,其它分类,Others,点击，按下，点按，触摸，操作，编辑,金 磊,2019-08-16
雷达图,radar-chart,其它分类,Others,雷达图，蜘蛛网，雷达，图谱,金 磊,2019-08-16
树叶,leaves,其它分类,Others,树叶，植物，环保，无污染，生命力,金 磊,2019-08-16
望远镜,telescope,其它分类,Others,望远镜，侦查，观察，监视,金 磊,2019-08-16
身份证,id-card-h,其它分类,Others,身份证，ID，工牌，卡片,金 磊,2019-08-16
地图,map-road-two,其它分类,Others,地图，地点，地图，出行，交通，运输,金 磊,2019-08-16
坐标系,cones,其它分类,Others,坐标系，三角，立体,金 磊,2019-08-16
晾衣架,hanger,其它分类,Others,危险，挂钩，晾衣架,金 磊,2019-08-16
试管,cuvette,其它分类,Others,试管，试验，容器，化学,金 磊,2019-08-16
雷达,radar-two,其它分类,Others,雷达，转动，扫描，侦查,金 磊,2019-08-16
对比,contrast-view,其它分类,Others,对比，对比查看，查看，编辑,金 磊,2019-08-16
钞票,paper-money-two,其它分类,Others,钞票，钱，财富，资金，投资，美元,金 磊,2019-08-16
更多,more-app,其它分类,Others,更多，全部，应用,金 磊,2019-08-16
皇冠,crown,其它分类,Others,皇冠，王冠，皇上，国王，第一，权利,金 磊,2019-08-16
床头柜,bedside-two,其它分类,Others,床头柜，家具，家居，台灯,金 磊,2019-08-16
银行卡,bank-card-two,其它分类,Others,银行卡，财富，前，金钱，银行，卡片,金 磊,2019-08-16
全屏播放,full-screen-play,其它分类,Others,全屏播放，播放，媒体，投屏,金 磊,2019-08-16
抛物线,parabola,其它分类,Others,抛物线，试验，数学，教育，科学,金 磊,2019-08-16
双卡片,card-two,其它分类,Others,双卡片，立体，层级，前后，关系,金 磊,2019-08-16
对比,contrast-view-circle,其它分类,Others,对比，对比度，调整，编辑,金 磊,2019-08-16
日历,calendar-three,其它分类,Others,日历，日期，时间，期限，长期,金 磊,2019-08-16
多功能刀,multi-function-knife,其它分类,Others,多功能刀，武器，瑞士，军刀,金 磊,2019-08-16
试管,test-tube,其它分类,Others,试管，试验，化学，教育,金 磊,2019-08-16
收音机,broadcast-radio,其它分类,Others,收音机，声音，播放器，复古,金 磊,2019-08-16
抛锚,anchor-two,其它分类,Others,抛锚，航行，出海，锚点,金 磊,2019-08-16
钱包,wallet-two,其它分类,Others,钱包，金钱，财富，理财，投资,金 磊,2019-08-16
圆形插座,round-socket,其它分类,Others,圆形插座，电源，危险，插件，能量,金 磊,2019-08-16
西瓜,watermelon,其它分类,Others,西瓜，水果，美食，夏天,金 磊,2019-08-16
汉堡,hamburger,其它分类,Others,汉堡，美食，餐饮，快餐,金 磊,2019-08-16
公交车,bus-two,其它分类,Others,公交车，运输，交通，汽车，大巴,金 磊,2019-08-16
开门,open-door,其它分类,Others,开门，打开，立体，透视,金 磊,2019-08-16
设备,devices,其它分类,Others,设备，手机，平板,金 磊,2019-08-16
地图,map-two,其它分类,Others,地图，地点，地图，出行，交通，运输,金 磊,2019-08-16
水电费,water-rate-two,其它分类,Others,水电费，水滴,金 磊,2019-08-16
闪电,lightning,其它分类,Others,闪电，天气，打雷，下雨,金 磊,2019-08-16
曲线调整,curve-adjustment,其它分类,Others,曲线调整，调整，曲线，动效,金 磊,2019-08-16
表格,table,其它分类,Others,表格，笔记本，纸张，文件,金 磊,2019-08-16
建筑,building-four,其它分类,Others,建筑，楼房，建筑，高楼,金 磊,2019-08-16
建筑,building-two,其它分类,Others,建筑，楼房，建筑，高楼,金 磊,2019-08-16
建筑,building-one,其它分类,Others,建筑，楼房，建筑，高楼,金 磊,2019-08-16
全球,globe,其它分类,Others,全球，地球仪，玩具,金 磊,2019-08-16
建筑,building-three,其它分类,Others,建筑，楼房，建筑，高楼,金 磊,2019-08-16
贴纸,stickers,其它分类,Others,贴画，插图，壁纸,金 磊,2019-10-12
特效,effects,其它分类,Others,美化，效果，化妆，变美，改变,金 磊,2019-10-12
美颜,beauty,其它分类,Others,美妆，变美，化妆，美女，女性，女性用户,金 磊,2019-10-12
审核,audit,其它分类,Others,印章，评审，审查,常留留,2019-10-12
链接,deeplink,其它分类,Others,深度链接，连接，联系,常留留,2019-10-12
电台,fm,其它分类,Others,收音机，电台节目，无线广播，广播,金 磊,2019-10-12
AirPods,airpods,其它分类,Others,蓝牙耳机，苹果耳机，耳机，无线耳机,金 磊,2019-10-12
加载,loading-one,其它分类,Others,等待，加载，转圈，缓冲,金 磊,2019-10-12
加载,loading-two,其它分类,Others,等待，加载，转圈，缓冲,金 磊,2019-10-12
链接,link-two,其它分类,Others,链接，关联,金 磊,2019-10-12
靶子,target,其它分类,Others,射击，攻击，目标,金 磊,2019-10-12
勋章,medal,其它分类,Others,勋章，标示，奖章,金 磊,2019-10-12
钢琴,piano,其它分类,Others,键盘，琴键，音乐,金 磊,2019-10-12
晶格图案,lattice-pattern,其它分类,Others,晶格，编织，背景，图案,金 磊,2019-10-12
文件柜,file-cabinet,其它分类,Others,文件，柜子，抽屉,常留留,2019-11-22
两只手,two-hands,其它分类,Others,手势，手，呵护，保护,常留留,2019-11-22
马尤拉手势,mayura-gesture,其它分类,Others,手，手势，,常留留,2019-11-22
手动拖动,hand-drag,其它分类,Others,拖动，滑动，手滑单手滑动，右滑,常留留,2019-11-22
两个手指,two-fingers,其它分类,Others,手指，手势,常留留,2019-11-22
中指,middle-finger,其它分类,Others,手指，手势,常留留,2019-11-22
彩蛋,painted-eggshell,其它分类,Others,egg，鸡蛋，蛋,常留留,2019-11-22
平衡,balance,其它分类,Others,平衡点，支撑点，中心,常留留,2019-11-22
3D眼镜,three-d-glasses,其它分类,Others,眼镜，三维立体，3d，三维,常留留,2019-11-22
食指,index-finger,其它分类,Others,手指，手势，指，指引,常留留,2019-11-22
拜拜,bye,其它分类,Others,再见，再会，离开，分别，bye,常留留,2019-11-22
向上指,hand-up,其它分类,Others,手，hand，手势，向上，上面,常留留,2019-11-22
向下指,hand-down,其它分类,Others,向下，下面，手，手势，hand,常留留,2019-11-22
向左指,hand-left,其它分类,Others,向左，左边，手，手势，hand,常留留,2019-11-22
向右指,hand-right,其它分类,Others,向右，右边，手，手势，hand,常留留,2019-11-22
课堂,classroom,其它分类,Others,听课，教学，学习，用户，个人中心,常留留,2019-11-22
举手,hands,其它分类,Others,手，听课，教学，这里，抬手,常留留,2019-11-22
婴儿,baby,其它分类,Others,育儿，宝宝，小朋友，婴幼儿，儿童票,常留留,2019-11-22
排行榜,ranking-list,其它分类,Others,排行，排名，榜单,常留留,2019-11-22
轻会员,light-member,其它分类,Others,会员，VIP，客户，顾客,常留留,2019-11-22
商圈,shopping-mall,其它分类,Others,购物，商城，购买，城市，楼,常留留,2019-11-22
关注,concern,其它分类,Others,关系，重视，喜欢，爱，心动,常留留,2019-11-22
小食,snacks,其它分类,Others,小吃，零食，食物，饮料，咖啡，奶茶，果汁,常留留,2019-11-22
影院,theater,其它分类,Others,看电影，幕布，电影，IMAX,常留留,2019-11-22
女人,woman,其它分类,Others,女生，女士，妈妈，阿姨，女性，女，女性用户,常留留,2019-11-22
运动,sport,其它分类,Others,跑步，健康，活力,常留留,2019-11-22
声音,voice-one,其它分类,Others,音频，音量，语音，录音，声波，voice,常留留,2019-11-22
声波,acoustic,其它分类,Others,音频，音量，语音，录音，波纹，声音,常留留,2019-11-22
用户互传,user-to-user-transmission,其它分类,Others,相互传输，用户，用户之间,常留留,2019-11-22
网球,tennis,其它分类,Others,运动，球，网球,常留留,2019-11-22
购买,buy,其它分类,Others,购物，采购，手提包，购物袋，袋子,常留留,2019-11-22
智能手表,iwatch,其它分类,Others,smart watches，手表，时间，打电话,常留留,2019-11-22
保护,protection,其它分类,Others,防护，呵护，雨伞,常留留,2019-11-22
苹果,apple-one,其它分类,Others,水果，健康，绿色，无公害食品，苹果,常留留,2019-11-22
蜂蜜,honey,其它分类,Others,滋补，补品，养生，蜂蜜,常留留,2019-11-22
世界,world,其它分类,Others,环球，地球，国际，地图，地图,常留留,2019-11-22
国际化,international,其它分类,Others,非中国区，全球，地球，国际，地图,常留留,2019-11-22
重金属,heavy-metal,其它分类,Others,金属，黄金，金条，金融，财务，财富,常留留,2019-11-22
磁盘,disk,其它分类,Others,保存，存储，储存，硬盘，磁盘,常留留,2019-11-22
页面模版,page-template,其它分类,Others,页面，模版，布局,常留留,2019-11-22
理念共享,concept-sharing,其它分类,Others,共享，创意共享，想法,常留留,2019-11-22
人脸识别,face-recognition,其它分类,Others,人脸支付，人脸，刷脸，人脸密码，扫脸,常留留,2019-11-22
扫描设置,scan-setting,其它分类,Others,设置，扫描，打印，方向，按键，扫描,金 磊,2019-11-22
面具,mask-one,其它分类,Others,补水，保湿，美白，敷面膜，面膜，医美,常留留,2019-11-22
全景水平,panorama-horizontal,其它分类,Others,水平线，全景，拍照，360度,金 磊,2019-11-22
发光,luminous,其它分类,Others,散射，散射光，光源，照射，节能，light，键盘,金 磊,2019-11-22
光源,light,其它分类,Others,散射，散射光，发光，照射，节能，luminous，键盘,金 磊,2019-11-22
手表,watch,其它分类,Others,电子表，时间，时区，指针，计时，手表,金 磊,2019-11-22
基金,funds,其它分类,Others,资金，财务，成本，金币，存款，储蓄，金融，统计,金 磊,2019-11-22
正向旋转,rotating-forward,其它分类,Others,正向，顺时针，顺时针旋转，旋转，转动，箭头,金 磊,2019-11-22
逆向旋转,reverse-rotation,其它分类,Others,逆向，逆时针，逆时针旋转，旋转，转动，箭头,金 磊,2019-11-22
旋转添加,rotating-add,其它分类,Others,旋转，添加，转动，箭头，加号,金 磊,2019-11-22
屏幕旋转,screen-rotation,其它分类,Others,旋转，屏幕，转动，竖转横,金 磊,2019-11-22
电波,waves,其它分类,Others,心跳，脉搏，趋势，路径,常留留,2020-01-17
开关,power,其它分类,Others,关闭，启动，阀门，switch,常留留,2020-01-17
药丸,pills,医疗健康,Health,药，生病，吃药，看医生,常留留,2019-11-22
处方,prescription,医疗健康,Health,药单，看医生，看病，添加，添加文件，文件,常留留,2019-11-22
医疗档案,medical-files,医疗健康,Health,档案，文件，收藏文件，医疗,常留留,2019-11-22
纯天然,pure-natural,医疗健康,Health,绿色，天然，无公害，健康,常留留,2019-11-22
医院,hospital,医疗健康,Health,就医，看病，就诊，医疗,常留留,2019-11-22
奶瓶,bottle,医疗健康,Health,育儿，哺育，婴幼儿科,常留留,2019-11-22
体重,weight,医疗健康,Health,秤，重量，称量,常留留,2019-11-22
经期,period,医疗健康,Health,女性，生理期，生殖,常留留,2019-11-22
孕妇,pregnant-women,医疗健康,Health,怀孕，胎儿，妈妈，孕产期,常留留,2019-11-22
全科,general-branch,医疗健康,Health,添加，科室，全部科室,常留留,2019-11-22
整形科,plastic-surgery,医疗健康,Health,整容，美容，整容手术，医疗美容，女人，女士，女性，美女，女性用户,常留留,2019-11-22
打针,injection,医疗健康,Health,麻醉，麻醉科,常留留,2019-11-22
营养,nutrition,医疗健康,Health,米饭，午饭，午餐，饭，营养科,常留留,2019-11-22
眼睛,eyes,医疗健康,Health,眼科，睁眼，开启，眼科,常留留,2019-11-22
腹部,abdominal,医疗健康,Health,肚子，腹，腰,常留留,2019-11-22
中药,chinese-medicine,医疗健康,Health,中医，煎药，碗,常留留,2019-11-22
肠胃,gastrointestinal,医疗健康,Health,内科，胃，器官,常留留,2019-11-22
肾,renal,医疗健康,Health,泌尿科，肾脏，排泄，代谢，器官,常留留,2019-11-22
子宫,uterus,医疗健康,Health,女性，生殖，繁衍，器官,常留留,2019-11-22
内分泌,endocrine,医疗健康,Health,分泌，火，新陈代谢,常留留,2019-11-22
骨科,orthopedic,医疗健康,Health,骨头，器官,常留留,2019-11-22
鼻腔,nasal,医疗健康,Health,鼻子，呼吸，耳鼻喉，耳鼻喉科,常留留,2019-11-22
精子,sperm,医疗健康,Health,男科，生殖，繁衍,常留留,2019-11-22
牙齿,teeth,医疗健康,Health,口腔，齿科，牙齿，医疗,常留留,2019-11-22
显微镜,microscope,医疗健康,Health,观察，高倍镜，病理科,常留留,2019-11-22
核磁共振,nmr,医疗健康,Health,影像科，影像，检查，医疗,常留留,2019-11-22
口罩,mask,医疗健康,Health,传染，传染科，雾霾，生病，口罩,常留留,2019-11-22
心电,cardioelectric,医疗健康,Health,电波，心电图，检测，心跳，波动,常留留,2019-11-22
其他,other,医疗健康,Health,其他科室，添加，新建，增加,常留留,2019-11-22
毒素,toxins,医疗健康,Health,有毒害，有害气体，恐怖，有害，骷髅,常留留,2019-11-22
检测,detection,医疗健康,Health,检查，测试，实验，测量,常留留,2019-11-22
农药,pesticide,医疗健康,Health,药品，毒药，肥料，药瓶，医药，牛奶,常留留,2019-11-22
胸部,chest,医疗健康,Health,胸腔，肺部，器官，医疗,常留留,2019-11-22
符号,symbol,医疗健康,Health,标志，标志性，阿尔法，符号,常留留,2019-11-22
细胞,cell,医疗健康,Health,䏭，生命体，生命，生物,常留留,2019-11-22
肺,lung,医疗健康,Health,呼吸，呼吸道，呼吸科，器官，肺,常留留,2019-11-22
大脑,brain,医疗健康,Health,脑部，头部，脑科，思考，智慧，医疗,常留留,2019-11-22
防腐,anti-corrosion,医疗健康,Health,防腐剂，保存，防腐科，堆积物,常留留,2019-11-22
神经,neural,医疗健康,Health,神经科，精神，神经元，医疗,常留留,2019-11-22
病菌,germs,医疗健康,Health,细菌，病毒，菌体，病菌，细小,常留留,2019-11-22
心脏,heart,医疗健康,Health,心，脉搏，跳动，器官，心脏，医疗,常留留,2019-11-22
成份,composition,医疗健康,Health,实验，元素，组成部分，组成元素，试管,常留留,2019-11-22
燕窝,nests,医疗健康,Health,补品，滋补，养生，动物，燕窝,常留留,2019-11-22
燕子,swallow,医疗健康,Health,鸟，麻雀，小鸟，动物，燕子，燕窝,常留留,2019-11-22
API 接口,api,其它分类,Others,接口，开发，程序，研发，API,金 磊,2020-02-11
上课铃,bell-ring,其它分类,Others,铃声，闹钟，信号，上课,金 磊,2020-02-11
大钟表,big-clock,其它分类,Others,钟表，时间，表，复古,金 磊,2020-02-11
俄罗斯方块,block-one,其它分类,Others,俄罗斯方块，拼接，模块，组合，组件，游戏，娱乐，乐高，魔方,金 磊,2020-02-11
俄罗斯方块,block-two,其它分类,Others,俄罗斯方块，拼接，模块，组合，组件，游戏，娱乐，乐高，魔方,金 磊,2020-02-11
俄罗斯方块,block-three,其它分类,Others,俄罗斯方块，拼接，模块，组合，组件，游戏，娱乐，乐高，魔方,金 磊,2020-02-11
俄罗斯方块,block-four,其它分类,Others,俄罗斯方块，拼接，模块，组合，组件，游戏，娱乐，乐高，魔方,金 磊,2020-02-11
俄罗斯方块,block-five,其它分类,Others,俄罗斯方块，拼接，模块，组合，组件，游戏，娱乐，乐高，魔方,金 磊,2020-02-11
俄罗斯方块,block-six,其它分类,Others,俄罗斯方块，拼接，模块，组合，组件，游戏，娱乐，乐高，魔方,金 磊,2020-02-11
俄罗斯方块,block-seven,其它分类,Others,俄罗斯方块，拼接，模块，组合，组件，游戏，娱乐，乐高，魔方,金 磊,2020-02-11
俄罗斯方块,block-eight,其它分类,Others,俄罗斯方块，拼接，模块，组合，组件，游戏，娱乐，乐高，魔方,金 磊,2020-02-11
俄罗斯方块,block-nine,其它分类,Others,俄罗斯方块，拼接，模块，组合，组件，游戏，娱乐，乐高，魔方,金 磊,2020-02-11
俄罗斯方块,block-ten,其它分类,Others,俄罗斯方块，拼接，模块，组合，组件，游戏，娱乐，乐高，魔方,金 磊,2020-02-11
书籍,bookshelf,其它分类,Others,知识，书籍，书，书架，学习，信息,金 磊,2020-02-11
检查列表,checklist,其它分类,Others,核查，列表，校验，纠正，检查,金 磊,2020-02-11
圣诞树,christmas-tree,其它分类,Others,圣诞，树，节日，假期，温暖，过节,金 磊,2020-02-11
内裤,clothes-briefs,其它分类,Others,衣服，裤子，内裤，女士内裤,金 磊,2020-02-11
开衫,clothes-cardigan,其它分类,Others,衣服，开衫，服装,金 磊,2020-02-11
圆领衫,clothes-crew-neck,其它分类,Others,衣服，开衫，服装,金 磊,2020-02-11
纸尿裤,clothes-diapers,其它分类,Others,衣服，开衫，服装，婴儿，小孩,金 磊,2020-02-11
手套,clothes-gloves-two,其它分类,Others,衣服，服装，服饰，冷,金 磊,2020-02-11
手套,clothes-gloves,其它分类,Others,衣服，服装，服饰，冷,金 磊,2020-02-11
卫衣,clothes-hoodie,其它分类,Others,衣服，服装，服饰,金 磊,2020-02-11
短裤,clothes-pants-short,其它分类,Others,衣服，服装，服饰，裤子,金 磊,2020-02-11
运动裤,clothes-pants-sweat,其它分类,Others,衣服，服装，服饰，裤子，运动,金 磊,2020-02-11
裤子,clothes-pants,其它分类,Others,衣服，服装，服饰，裤子,金 磊,2020-02-11
短裤,clothes-short-sleeve,其它分类,Others,衣服，服装，服饰，裤子,金 磊,2020-02-11
滑冰鞋,clothes-skates,其它分类,Others,衣服，服装，服饰，裤子，装备，滑冰，冰雪,金 磊,2020-02-11
西装,clothes-suit,其它分类,Others,衣服，服装，服饰，正式,金 磊,2020-02-11
帽衫,clothes-sweater,其它分类,Others,衣服，服装，服饰，正式,金 磊,2020-02-11
高领毛衣,clothes-turtleneck,其它分类,Others,衣服，服装，服饰，正式,金 磊,2020-02-11
风衣,clothes-windbreaker,其它分类,Others,衣服，服装，服饰，正式,金 磊,2020-02-11
色卡,color-card,其它分类,Others,颜色，绚丽，选择,金 磊,2020-02-11
篮球场,court,其它分类,Others,运动，篮球，场地,金 磊,2020-02-11
仪表盘,dashboard-two,其它分类,Others,仪表盘，仪表，看板,金 磊,2020-02-11
不喜欢,dislike-two,其它分类,Others,喜欢，讨厌，不喜欢,金 磊,2020-02-11
不喜欢,dislike,其它分类,Others,喜欢，讨厌，不喜欢,金 磊,2020-02-11
除号,division,其它分类,Others,符号，乘除,金 磊,2020-02-11
无人机,drone,其它分类,Others,无人机，飞机，玩具，数码，飞行，大疆,金 磊,2020-02-11
擦除,erase,其它分类,Others,橡皮，擦除，清除，移除，消灭,金 磊,2020-02-11
众多用户,every-user,其它分类,Others,用户，很多，群，用户群，用户组,金 磊,2020-02-11
工厂,factory-building,其它分类,Others,建筑，工厂，烟囱，厂房，工人，工作,金 磊,2020-02-11
遮罩,figma-mask,其它分类,Others,遮罩，遮挡，编辑，功能，绘图,金 磊,2020-02-11
灭火器,fire-extinguisher,其它分类,Others,灭火器，救火，扑灭，保险，安全，消防,金 磊,2020-02-11
火堆,fire-two,其它分类,Others,火，柴火，热，燃烧,金 磊,2020-02-11
眼镜,glasses,其它分类,Others,眼镜，乔布斯，近视，镜片，观察，搜索,金 磊,2020-02-11
医院,hospital-two,其它分类,Others,医疗，建筑，医院，药品，治疗，医生，护士，健康,金 磊,2020-02-11
火锅,hot-pot,其它分类,Others,食物，火锅，火苗，煮饭，烹饪，锅，美味,金 磊,2020-02-11
叶子,leaf,其它分类,Others,植物，生物，叶子，树叶，大树，生命，活力，环保，新能源,金 磊,2020-02-11
磁铁,magnet,其它分类,Others,磁铁，吸引，正负极，磁力，物理，电力,金 磊,2020-02-11
网络节点,network-tree,其它分类,Others,网络，结构，节点，联通，信息，传输，信号,金 磊,2020-02-11
任天堂游戏机,nintendo-switch,其它分类,Others,游戏机，任天堂，娱乐，玩啥，电子游戏，掌机,金 磊,2020-02-11
宫殿,palace,其它分类,Others,银行，建筑，房子，宫殿，居住,金 磊,2020-02-11
百分号,percentage,其它分类,Others,符号，算法，比例，占比，百分比,金 磊,2020-02-11
爆米花,popcorn,其它分类,Others,爆米花，娱乐，食物，电影，肥胖,金 磊,2020-02-11
投影仪,projector-two,其它分类,Others,投影仪，设备，投影，投屏，播放，演示,金 磊,2020-02-11
卫生间,public-toilet,其它分类,Others,厕所，男女，卫生间，洗手间,金 磊,2020-02-11
接收器,receiver,其它分类,Others,信号，接收，卫星，发现,金 磊,2020-02-11
路锥,road-cone,其它分类,Others,道路，警示，安全，交通,金 磊,2020-02-11
尺子,ruler,其它分类,Others,度量，尺子，距离，长度，刻度，测量,金 磊,2020-02-11
树苗,sapling,其它分类,Others,节能，环保，新能源，植物，树木，幼小，苗木,金 磊,2020-02-11
听诊器,stethoscope,其它分类,Others,医疗，医生，治疗，监测，大夫，护士，药物,金 磊,2020-02-11
保险箱,strongbox,其它分类,Others,保险，箱子，安全，稳固,金 磊,2020-02-11
帐篷旗帜,tent-banner,其它分类,Others,帐篷，户外，露营，居住，家,金 磊,2020-02-11
帐篷,tent,其它分类,Others,帐篷，户外，露营，居住，家,金 磊,2020-02-11
翻译,translate,其它分类,Others,翻译，多语言，国际化，中文，英文,金 磊,2020-02-11
树,tree,其它分类,Others,节能，环保，新能源，植物，树木,金 磊,2020-02-11
商务用户,user-business,其它分类,Others,用户，账户，人，很多人，商务，领带,金 磊,2020-02-11
水缺乏,water-no,其它分类,Others,节能，环保，新能源，水资源，缺乏，匮乏,金 磊,2020-02-11
水资源,water,其它分类,Others,节能，环保，新能源，水资源,金 磊,2020-02-11
微信卡包,weixin-cards-offers,其它分类,Others,卡券，信用卡，钱包，优惠券,金 磊,2020-02-11
微信收藏,weixin-favorites,其它分类,Others,收藏，喜欢，保存，存储,金 磊,2020-02-11
微信游戏,weixin-games,其它分类,Others,游戏，玩，娱乐,金 磊,2020-02-11
微信电商,weixin-market,其它分类,Others,商场，商城，电商，卖东西，生意，入口,金 磊,2020-02-11
微信小程序,weixin-mini-app,其它分类,Others,小程序，图标,金 磊,2020-02-11
微信附近的人,weixin-people-nearby,其它分类,Others,附近的人，漂流瓶，地理位置,金 磊,2020-02-11
微信扫一扫,weixin-scan,其它分类,Others,扫码，二维码，扫描，扫一扫,金 磊,2020-02-11
微信搜索,weixin-search,其它分类,Others,搜索，微信搜索,金 磊,2020-02-11
微信摇一摇,weixin-shake,其它分类,Others,摇一摇，搜索，互动，交互,金 磊,2020-02-11
微信看一看,weixin-top-stories,其它分类,Others,文章，看一看，信息流,金 磊,2020-02-11
小度在家,xiaodu-home,其它分类,Others,百度，小度，音响，屏幕音响，智能音响，音频,金 磊,2020-02-11
小度,xiaodu,其它分类,Others,百度，小度，音响，屏幕音响，智能音响，表情,金 磊,2020-02-11
VR 眼镜,vr-glasses,硬件设备,Hardware,VR 眼镜，眼镜，虚拟现实，设备，游戏,金 磊,2020-02-12
排版,module-typography,组件,Component,排版,金 磊,2020-02-15
上传,module-upload,组件,Component,上传,金 磊,2020-02-15
自动填充,module-auto-complete,组件,Component,自动填充,金 磊,2020-02-15
头像,module-avatar,组件,Component,头像,金 磊,2020-02-15
标签胶囊,module-badge,组件,Component,标签胶囊,金 磊,2020-02-15
面包屑,module-breadcurmb,组件,Component,面包屑,金 磊,2020-02-15
按钮组,module-button-group,组件,Component,按钮组,金 磊,2020-02-15
按钮,module-button,组件,Component,按钮,金 磊,2020-02-15
卡片,module-card,组件,Component,卡片,金 磊,2020-02-15
轮播,module-carousel,组件,Component,轮播,金 磊,2020-02-15
级联,module-cascader,组件,Component,级联,金 磊,2020-02-15
复选非选中,module-checkbox-uncheck,组件,Component,复选非选中,金 磊,2020-02-15
复选,module-checkbox,组件,Component,复选,金 磊,2020-02-15
折叠,module-collapse,组件,Component,折叠,金 磊,2020-02-15
拾色器,module-color-picker,组件,Component,拾色器,金 磊,2020-02-15
图片裁剪,module-cropper,组件,Component,图片裁剪,金 磊,2020-02-15
日期选择,module-datepicker,组件,Component,日期选择,金 磊,2020-02-15
抽屉,module-drawer,组件,Component,抽屉,金 磊,2020-02-15
下拉列表,module-dropdown-list,组件,Component,下拉列表,金 磊,2020-02-15
下拉菜单,module-dropdown,组件,Component,下拉菜单,金 磊,2020-02-15
空状态,module-empty,组件,Component,空状态,金 磊,2020-02-15
表单,module-form,组件,Component,表单,金 磊,2020-02-15
回顶部,module-gototop,组件,Component,回顶部,金 磊,2020-02-15
栅格,module-grid,组件,Component,栅格,金 磊,2020-02-15
提示信息,module-info,组件,Component,提示信息,金 磊,2020-02-15
输入清除,module-input-clear,组件,Component,输入清除,金 磊,2020-02-15
输入数字,module-input-number,组件,Component,输入数字,金 磊,2020-02-15
输入密码,module-input-password,组件,Component,输入密码,金 磊,2020-02-15
输入框,module-input,组件,Component,输入框,金 磊,2020-02-15
布局,module-layout,组件,Component,布局,金 磊,2020-02-15
链接,module-link,组件,Component,链接,金 磊,2020-02-15
加载,module-loading,组件,Component,加载,金 磊,2020-02-15
菜单,module-menu,组件,Component,菜单,金 磊,2020-02-15
消息,module-message,组件,Component,消息,金 磊,2020-02-15
对话框,module-modal,组件,Component,对话框,金 磊,2020-02-15
页面,module-pages,组件,Component,页面,金 磊,2020-02-15
分页,module-pagination,组件,Component,分页,金 磊,2020-02-15
播放器,module-player,组件,Component,播放器,金 磊,2020-02-15
浮层,module-popover,组件,Component,浮层,金 磊,2020-02-15
进度条,module-progress,组件,Component,进度条,金 磊,2020-02-15
单选非选中,module-radio-uncheck,组件,Component,单选非选中,金 磊,2020-02-15
单选按钮,module-radio,组件,Component,单选按钮,金 磊,2020-02-15
投票,module-rate,组件,Component,投票,金 磊,2020-02-15
排期,module-schedule,组件,Component,排期,金 磊,2020-02-15
搜索,module-search,组件,Component,搜索,金 磊,2020-02-15
滑动条,module-slider,组件,Component,滑动条,金 磊,2020-02-15
开关,module-switch,组件,Component,开关,金 磊,2020-02-15
表格,module-table,组件,Component,表格,金 磊,2020-02-15
标签,module-tabs,组件,Component,标签,金 磊,2020-02-15
输入多行文本框,module-text-area,组件,Component,输入多行输入框,金 磊,2020-02-15
时间选择,module-time-picker,组件,Component,时间选择,金 磊,2020-02-15
时间线,module-timeline,组件,Component,时间线,金 磊,2020-02-15
穿梭框,module-transfer,组件,Component,穿梭框,金 磊,2020-02-15
树选择,module-tree-select,组件,Component,树选择,金 磊,2020-02-15
奔驰,benz,表意抽象,Abstract,奔驰 三叉戟 轮毂 三角,金 磊,2020-03-08
圆形和三角,circles-and-triangles,表意抽象,Abstract,圆形和三角,金 磊,2020-03-08
圆形连接,circular-connection,表意抽象,Abstract,圆形连接,金 磊,2020-03-08
圆锥,cone,表意抽象,Abstract,圆锥,金 磊,2020-03-08
皇冠,crown-two,表意抽象,Abstract,皇冠 王后 国王,金 磊,2020-03-08
魔方,cube-five,表意抽象,Abstract,魔方 六边形 立方体,金 磊,2020-03-08
魔方,cube-four,表意抽象,Abstract,魔方 六边形 立方体,金 磊,2020-03-08
魔方,cube-three,表意抽象,Abstract,魔方 六边形 立方体,金 磊,2020-03-08
魔方,cube-two,表意抽象,Abstract,魔方 六边形 立方体,金 磊,2020-03-08
魔方,cube,表意抽象,Abstract,魔方 六边形 立方体,金 磊,2020-03-08
循环箭头,cycle-arrow,表意抽象,Abstract,循环箭头,金 磊,2020-03-08
圆柱,cylinder,表意抽象,Abstract,圆柱,金 磊,2020-03-08
四片叶子,four-leaves,表意抽象,Abstract,四片叶子,金 磊,2020-03-08
四点连接,four-point-connection,表意抽象,Abstract,四点连接,金 磊,2020-03-08
四点连接,four-round-point-connection,表意抽象,Abstract,四点连接,金 磊,2020-03-08
六边立体,hexagonal,表意抽象,Abstract,六边立体,金 磊,2020-03-08
关键线,keyline,表意抽象,Abstract,关键线 背景 底纹,金 磊,2020-03-08
多三角,multi-triangular-four,表意抽象,Abstract,多三角,金 磊,2020-03-08
多三角,multi-triangular-three,表意抽象,Abstract,多三角,金 磊,2020-03-08
多三角,multi-triangular-two,表意抽象,Abstract,多三角,金 磊,2020-03-08
多三角,multi-triangular,表意抽象,Abstract,多三角,金 磊,2020-03-08
多层圆球,multilayer-sphere,表意抽象,Abstract,多层圆球,金 磊,2020-03-08
嵌套箭头,nested-arrows,表意抽象,Abstract,嵌套箭头,金 磊,2020-03-08
九点连接,nine-points-connected,表意抽象,Abstract,九点连接,金 磊,2020-03-08
椭圆爱心,oval-love-two,表意抽象,Abstract,椭圆爱心 喜欢,金 磊,2020-03-08
椭圆爱心,oval-love,表意抽象,Abstract,椭圆爱心 喜欢,金 磊,2020-03-08
四棱锥,quadrangular-pyramid,表意抽象,Abstract,四棱锥,金 磊,2020-03-08
矩形撕裂,rectangle-tear,表意抽象,Abstract,矩形撕裂,金 磊,2020-03-08
矩形椎体,rectangular-vertebra,表意抽象,Abstract,矩形椎体,金 磊,2020-03-08
圆形卡钳,round-caliper,表意抽象,Abstract,圆形卡钳,金 磊,2020-03-08
圆形扭曲,round-distortion,表意抽象,Abstract,圆形扭曲,金 磊,2020-03-08
圆形遮罩,round-mask,表意抽象,Abstract,圆形遮罩,金 磊,2020-03-08
圆形连接,six-circular-connection,表意抽象,Abstract,圆形连接,金 磊,2020-03-08
六个点,six-points,表意抽象,Abstract,六个点,金 磊,2020-03-08
圆球,sphere,表意抽象,Abstract,圆球 球体,金 磊,2020-03-08
立体透视,stereo-perspective,表意抽象,Abstract,立体透视,金 磊,2020-03-08
三个三角,three-triangles,表意抽象,Abstract,三个三角,金 磊,2020-03-08
三角圆矩形,triangle-round-rectangle,表意抽象,Abstract,三角圆矩形,金 磊,2020-03-08
三棱锥,triangular-pyramid,表意抽象,Abstract,三棱锥,金 磊,2020-03-08
两个三角,two-triangles-two,表意抽象,Abstract,两个三角,金 磊,2020-03-08
右缩进,indent-right,编辑操作,Edit,右缩进,金 磊,2020-03-08
加减调整,adjustment,编辑操作,Edit,加减调整,金 磊,2020-03-08
方向校准,direction-adjustment-three,编辑操作,Edit,方向校准 方向箭头,金 磊,2020-03-08
方向校准,direction-adjustment-two,编辑操作,Edit,方向校准 方向箭头,金 磊,2020-03-08
方向校准,direction-adjustment,编辑操作,Edit,方向校准 方向箭头,金 磊,2020-03-08
扭曲,distortion,编辑操作,Edit,扭曲 不规则,金 磊,2020-03-08
影片剪辑,edit-movie,编辑操作,Edit,影片剪辑 编辑,金 磊,2020-03-08
端点位移,endpoint-displacement,编辑操作,Edit,端点位移,金 磊,2020-03-08
左右扩大,expand-left-and-right,编辑操作,Edit,左右扩大,金 磊,2020-03-08
全宽,fullwidth,编辑操作,Edit,全宽 满宽,金 磊,2020-03-08
左缩进,indent-left,编辑操作,Edit,左缩进,金 磊,2020-03-08
内部扩大,internal-expansion,编辑操作,Edit,内部扩大,金 磊,2020-03-08
内部缩小,internal-reduction,编辑操作,Edit,内部缩小,金 磊,2020-03-08
镜头对准,lens-alignment,编辑操作,Edit,镜头对准,金 磊,2020-03-08
水平校准,level-adjustment,编辑操作,Edit,水平校准,金 磊,2020-03-08
字母列表,list-alphabet,编辑操作,Edit,字母列表,金 磊,2020-03-08
多选列表,list-checkbox,编辑操作,Edit,多选列表,金 磊,2020-03-08
失败列表,list-fail,编辑操作,Edit,失败列表,金 磊,2020-03-08
数字列表,list-numbers,编辑操作,Edit,数字列表,金 磊,2020-03-08
成功列表,list-success,编辑操作,Edit,成功列表,金 磊,2020-03-08
魔法棒,magic-wand,编辑操作,Edit,魔法棒 滤镜 特效,金 磊,2020-03-08
多图轮播,multi-picture-carousel,编辑操作,Edit,多图轮播,金 磊,2020-03-08
整体缩小,overall-reduction,编辑操作,Edit,整体缩小,金 磊,2020-03-08
字母段落,paragraph-alphabet,编辑操作,Edit,字母段落,金 磊,2020-03-08
段落折行,paragraph-break-two,编辑操作,Edit,段落折行,金 磊,2020-03-08
矩形段落,paragraph-rectangle,编辑操作,Edit,矩形段落,金 磊,2020-03-08
圆形段落,paragraph-round,编辑操作,Edit,圆形段落,金 磊,2020-03-08
三角段落,paragraph-triangle,编辑操作,Edit,三角段落,金 磊,2020-03-08
透视,perspective,编辑操作,Edit,透视,金 磊,2020-03-08
邮票,stamp,编辑操作,Edit,邮票,金 磊,2020-03-08
广告,ad,其它分类,Others,广告,金 磊,2020-03-08
添加同级条目,add-item,其它分类,Others,添加同级条目,金 磊,2020-03-08
添加子条目,add-subset,其它分类,Others,添加子条目,金 磊,2020-03-08
相邻条目,adjacent-item,其它分类,Others,相邻条目,金 磊,2020-03-08
小程序关闭,applet-closed,其它分类,Others,小程序关闭,金 磊,2020-03-08
通讯录,address-book,其它分类,Others,通讯录 联系人,金 磊,2020-03-08
加减乘除,arithmetic-buttons,其它分类,Others,加减乘除 键盘,金 磊,2020-03-08
方向键,arrow-keys,其它分类,Others,方向键 键盘,金 磊,2020-03-08
徽章,badge-two,其它分类,Others,徽章,金 磊,2020-03-08
天平,balance-two,其它分类,Others,天平 公平 法律,金 磊,2020-03-08
篮球架,basketball-stand,其它分类,Others,篮球架 运动 篮板,金 磊,2020-03-08
海滩雨伞,beach-umbrella,其它分类,Others,海滩雨伞 度假 休息,金 磊,2020-03-08
生日蛋糕,birthday-cake,其它分类,Others,生日蛋糕,金 磊,2020-03-08
比特币,bitcoin,其它分类,Others,比特币,金 磊,2020-03-08
刹车片,brake-pads,其它分类,Others,刹车片 汽车,金 磊,2020-03-08
汽车电瓶,car-battery,其它分类,Others,汽车电瓶 发电,金 磊,2020-03-08
轮播视频,carousel-video,其它分类,Others,轮播视频 多个视频,金 磊,2020-03-08
欧洲市场,ce-marking,其它分类,Others,欧洲市场 标志,金 磊,2020-03-08
证书,certificate,其它分类,Others,证书 安全 级别,金 磊,2020-03-08
棋盘,checkerboard,其它分类,Others,棋盘 下棋 围棋,金 磊,2020-03-08
筷子叉子,chopsticks-fork,其它分类,Others,筷子叉子 餐饮 吃饭,金 磊,2020-03-08
圆规,compass,其它分类,Others,圆规,金 磊,2020-03-08
合作握手,cooperative-handshake,其它分类,Others,合作握手 爱心,金 磊,2020-03-08
版权符号,copyright,其它分类,Others,版权符号,金 磊,2020-03-08
冠状病毒,coronavirus,其它分类,Others,冠状病毒 细菌 生病,金 磊,2020-03-08
数据显示,data-display,其它分类,Others,数据显示,金 磊,2020-03-08
数据锁定,data-lock,其它分类,Others,数据锁定,金 磊,2020-03-08
数据服务器,data-server,其它分类,Others,数据服务器,金 磊,2020-03-08
数据切换,data-switching,其它分类,Others,数据切换,金 磊,2020-03-08
数据用户,data-user,其它分类,Others,数据用户,金 磊,2020-03-08
数据库警示,database-alert,其它分类,Others,数据库警示,金 磊,2020-03-08
数据库代码,database-code,其它分类,Others,数据库代码,金 磊,2020-03-08
数据库配置,database-config,其它分类,Others,数据库配置,金 磊,2020-03-08
数据库下载,database-download,其它分类,Others,数据库下载,金 磊,2020-03-08
数据库进入,database-enter,其它分类,Others,数据库进入,金 磊,2020-03-08
数据库错误,database-fail,其它分类,Others,数据库错误,金 磊,2020-03-08
数据库第一,database-first,其它分类,Others,数据库第一,金 磊,2020-03-08
数据库禁止,database-forbid,其它分类,Others,数据库禁止,金 磊,2020-03-08
数据库锁定,database-lock,其它分类,Others,数据库锁定,金 磊,2020-03-08
数据库网络节点,database-network-point,其它分类,Others,数据库网络节点,金 磊,2020-03-08
数据库网络,database-network,其它分类,Others,数据库网络,金 磊,2020-03-08
数据库节点,database-point,其它分类,Others,数据库节点,金 磊,2020-03-08
数据库定位,database-position,其它分类,Others,数据库定位,金 磊,2020-03-08
数据库电源,database-power,其它分类,Others,数据库电源,金 磊,2020-03-08
数据库占比,database-proportion,其它分类,Others,数据库占比,金 磊,2020-03-08
数据库搜索,database-search,其它分类,Others,数据库搜索,金 磊,2020-03-08
数据库设置,database-setting,其它分类,Others,数据库设置,金 磊,2020-03-08
数据库成功,database-success,其它分类,Others,数据库成功,金 磊,2020-03-08
数据库同步,database-sync,其它分类,Others,数据库同步,金 磊,2020-03-08
数据库时间,database-time,其它分类,Others,数据库时间,金 磊,2020-03-08
文档添加,doc-add,其它分类,Others,文档添加,金 磊,2020-03-08
文档详情,doc-detail,其它分类,Others,文档详情,金 磊,2020-03-08
文档失败,doc-fail,其它分类,Others,文档失败,金 磊,2020-03-08
文档搜索,doc-search-two,其它分类,Others,文档搜索,金 磊,2020-03-08
文档搜索,doc-search,其它分类,Others,文档搜索,金 磊,2020-03-08
文档成功,doc-success,其它分类,Others,文档成功,金 磊,2020-03-08
门把手,door-handle,其它分类,Others,门把手 房间 开门,金 磊,2020-03-08
双人床,double-bed,其它分类,Others,双人床 睡觉 休息,金 磊,2020-03-08
电梯,elevator,其它分类,Others,电梯,金 磊,2020-03-08
能源插座,energy-socket,其它分类,Others,能源插座,金 磊,2020-03-08
回车键,enter-key,其它分类,Others,回车键 键盘,金 磊,2020-03-08
信封,envelope,其它分类,Others,信封 邮件 袋子,金 磊,2020-03-08
手扶电梯,escalators,其它分类,Others,手扶电梯,金 磊,2020-03-08
五星徽章,five-star-badge,其它分类,Others,五星徽章,金 磊,2020-03-08
旗子,flag,其它分类,Others,旗子 旗帜,金 磊,2020-03-08
翻转镜头,flip-camera,其它分类,Others,翻转镜头,金 磊,2020-03-08
叉子勺子,fork-spoon,其它分类,Others,叉子勺子,金 磊,2020-03-08
礼物盒,gift-box,其它分类,Others,礼物盒,金 磊,2020-03-08
高脚杯裂开,goblet-cracking,其它分类,Others,高脚杯裂开,金 磊,2020-03-08
高脚杯满了,goblet-full,其它分类,Others,高脚杯满了,金 磊,2020-03-08
高脚杯,goblet,其它分类,Others,高脚杯,金 磊,2020-03-08
金牌,gold-medal-two,其它分类,Others,金牌 奖牌 第一名,金 磊,2020-03-08
金牌,gold-medal,其它分类,Others,金牌 奖牌 第一名,金 磊,2020-03-08
高尔夫球场,golf-course,其它分类,Others,高尔夫球场 运动,金 磊,2020-03-08
汽车导航,gps,其它分类,Others,汽车导航,金 磊,2020-03-08
绿色新能源,green-new-energy,其它分类,Others,绿色新能源,金 磊,2020-03-08
吹风机,hair-dryer,其它分类,Others,吹风机,金 磊,2020-03-08
衣架,hanger-two,其它分类,Others,衣架 晒衣服 晾衣服,金 磊,2020-03-08
耳机声音,headphone-sound,其它分类,Others,耳机声音,金 磊,2020-03-08
请勿打扫,hotel-do-not-clean,其它分类,Others,请勿打扫 房间,金 磊,2020-03-08
请打扫,hotel-please-clean,其它分类,Others,请打扫 房间,金 磊,2020-03-08
失衡天平,imbalance,其它分类,Others,失衡天平,金 磊,2020-03-08
人脸识别,ios-face-recognition,其它分类,Others,人脸识别 面部识别,金 磊,2020-03-08
熨斗坏了,iron-disable,其它分类,Others,熨斗坏了,金 磊,2020-03-08
熨斗,iron-three,其它分类,Others,熨斗,金 磊,2020-03-08
熨斗,iron-two,其它分类,Others,熨斗,金 磊,2020-03-08
熨斗,iron,其它分类,Others,熨斗,金 磊,2020-03-08
钥匙孔,keyhole,其它分类,Others,钥匙孔,金 磊,2020-03-08
刀子叉子,knife-fork,其它分类,Others,刀子叉子 餐饮 吃饭,金 磊,2020-03-08
救生圈,lifebuoy,其它分类,Others,救生圈,金 磊,2020-03-08
访达,mac-finder,其它分类,Others,访达 文件管理 我的电脑,金 磊,2020-03-08
邮件下载,mail-download,其它分类,Others,邮件下载,金 磊,2020-03-08
手动挡,manual-gear,其它分类,Others,手动挡 汽车,金 磊,2020-03-08
微单,micro-slr-camera,其它分类,Others,微单 摄影 设备 相机,金 磊,2020-03-08
大纲视图,mindmap-list,其它分类,Others,大纲视图 列表,金 磊,2020-03-08
思维导图,mindmap-map,其它分类,Others,思维导图 脑图,金 磊,2020-03-08
鼠标,mouse,其它分类,Others,鼠标,金 磊,2020-03-08
影视板,movie-board,其它分类,Others,影视板,金 磊,2020-03-08
音乐律动,music-rhythm,其它分类,Others,音乐律动,金 磊,2020-03-08
报纸折叠,newspaper-folding,其它分类,Others,报纸折叠,金 磊,2020-03-08
笔记本和笔,notebook-and-pen,其它分类,Others,笔记本和笔,金 磊,2020-03-08
线上办公室,online-meeting,其它分类,Others,线上办公室 语音会议,金 磊,2020-03-08
护照,passport,其它分类,Others,护照 身份证,金 磊,2020-03-08
三角旗,pennant,其它分类,Others,三角旗 旗帜,金 磊,2020-03-08
删除用户,people-delete,其它分类,Others,删除用户,金 磊,2020-03-08
用户下载,people-download,其它分类,Others,用户下载,金 磊,2020-03-08
搜索用户,people-search,其它分类,Others,搜索用户,金 磊,2020-03-08
用户上传,people-upload,其它分类,Others,用户上传,金 磊,2020-03-08
人群,peoples-two,其它分类,Others,人群 好多人,金 磊,2020-03-08
视频电话,phone-video-call,其它分类,Others,视频电话,金 磊,2020-03-08
播放进度,playback-progress,其它分类,Others,播放进度,金 磊,2020-03-08
拉门,pull-door,其它分类,Others,拉门 开门,金 磊,2020-03-08
推门,push-door,其它分类,Others,推门 开门,金 磊,2020-03-08
红十字,red-cross,其它分类,Others,红十字 医疗 救援,金 磊,2020-03-08
波纹,ripple,其它分类,Others,波纹,金 磊,2020-03-08
跳绳,rope-skipping,其它分类,Others,跳绳 绳子,金 磊,2020-03-08
淋浴喷头,shower-head,其它分类,Others,淋浴喷头 酒店 洗澡,金 磊,2020-03-08
信号强度,signal-strength,其它分类,Others,信号强度,金 磊,2020-03-08
单人床,single-bed,其它分类,Others,单人床 睡觉 酒店 休息,金 磊,2020-03-08
方向盘,steering-wheel,其它分类,Others,方向盘 汽车,金 磊,2020-03-08
监控摄像头,surveillance-cameras-two,其它分类,Others,监控摄像头,金 磊,2020-03-08
监控摄像头,surveillance-cameras,其它分类,Others,监控摄像头,金 磊,2020-03-08
台灯,table-lamp,其它分类,Others,台灯 灯光 书桌,金 磊,2020-03-08
思考问题,thinking-problem,其它分类,Others,思考问题,金 磊,2020-03-08
话题讨论,topic-discussion,其它分类,Others,话题讨论,金 磊,2020-03-08
商标符号,trademark,其它分类,Others,商标符号,金 磊,2020-03-08
三角尺,triangle-ruler,其它分类,Others,三角尺 长度 测量,金 磊,2020-03-08
上下楼,up-and-down,其它分类,Others,上下楼 电梯 楼梯,金 磊,2020-03-08
语音文字,voice-input,其它分类,Others,语音文字 语音转文字 语音入法,金 磊,2020-03-08
轮椅,wheelchair,其它分类,Others,轮椅 残疾 运动,金 磊,2020-03-08